ID_Date,StateCode,StationId,Date,PM2.5,PM10,NO2,CO,O3,AQI,HIS,HRI_Normalized,HRI_Category
TN_10_2023-01-01,TN,10,01-01-23,3.406552067,4.18674105,3.420930789,0.500649018,3.316692488,25.0324509,3.299686879,0.006599374,Low
TN_10_2023-01-02,TN,10,02-01-23,3.094573145,3.868127717,3.301084135,0.450102039,3.294127587,22.50510195,3.084424492,0.006168849,Low
TN_10_2023-01-03,TN,10,03-01-23,3.342061524,3.83209256,3.248956511,0.330736356,3.208222174,16.5368178,3.129395112,0.00625879,Low
TN_10_2023-01-04,TN,10,04-01-23,3.531026094,4.08740806,3.322378902,0.416227096,3.316692488,20.8113548,3.295194566,0.006590389,Low
TN_10_2023-01-05,TN,10,05-01-23,3.363992968,4.143088429,3.229186377,0.399125611,3.316692488,19.95628055,3.234964037,0.006469928,Low
TN_10_2023-01-06,TN,10,06-01-23,3.628408014,4.249384598,3.063778632,0.283768173,3.316692488,14.18840865,3.31773644,0.006635473,Low
TN_10_2023-01-07,TN,10,07-01-23,3.306725161,4.08542469,2.986866701,0.265564267,3.316692488,13.27821335,3.150800284,0.006301601,Low
TN_10_2023-01-08,TN,10,08-01-23,3.554974976,4.341589766,3.146197599,0.455212235,3.316692488,22.76061175,3.34459342,0.006689187,Low
TN_10_2023-01-09,TN,10,09-01-23,3.900173365,4.524675474,3.343769323,0.477764236,3.316692488,23.8882118,3.543075242,0.00708615,Low
TN_10_2023-01-10,TN,10,10-01-23,3.56936326,4.351407733,3.61963228,0.554343112,3.316692488,27.7171556,3.433012101,0.006866024,Low
TN_10_2023-01-11,TN,10,11-01-23,3.771543722,4.557523742,3.68177616,0.710529943,3.316692488,35.52649715,3.58024453,0.007160489,Low
TN_10_2023-01-12,TN,10,12-01-23,3.802048688,4.587853253,3.510782295,0.637227495,3.316692488,31.86137475,3.565524321,0.007131049,Low
TN_10_2023-01-13,TN,10,13-01-23,3.964513326,4.752759806,3.769399612,0.870930097,3.316692488,43.54650485,3.72577644,0.007451553,Low
TN_10_2023-01-14,TN,10,14-01-23,3.778155842,4.562716001,3.538032339,0.817850659,3.316692488,40.89253295,3.573027335,0.007146055,Low
TN_10_2023-01-15,TN,10,15-01-23,3.53062023,4.309537144,3.282237873,0.558682813,3.316692488,27.93414065,3.358809202,0.006717618,Low
TN_10_2023-01-16,TN,10,16-01-23,2.718839014,3.48126573,2.75643905,0.236087197,3.316692488,11.80435985,2.756488538,0.005512977,Low
TN_10_2023-01-17,TN,10,17-01-23,2.979983917,3.750286379,2.988767101,0.252513554,3.316692488,12.6256777,2.951636259,0.005903273,Low
TN_10_2023-01-18,TN,10,18-01-23,3.172900174,3.668477082,3.011885822,0.227522837,3.316692488,11.37614185,2.999673362,0.005999347,Low
TN_10_2023-01-19,TN,10,19-01-23,3.251246205,4.024288998,3.13242944,0.286222675,3.316692488,14.31113375,3.139998978,0.006279998,Low
TN_10_2023-01-20,TN,10,20-01-23,3.443534894,4.224060743,3.242974765,0.42719489,3.316692488,21.3597445,3.287921976,0.006575844,Low
TN_10_2023-01-21,TN,10,21-01-23,3.760771245,4.545979562,3.3504327,0.627144625,3.316692488,31.35723125,3.515548067,0.007031096,Low
TN_10_2023-01-22,TN,10,22-01-23,3.552744477,4.334476327,3.021349255,0.352537926,3.316692488,17.6268963,3.313039703,0.006626079,Low
TN_10_2023-01-23,TN,10,23-01-23,3.28057438,4.057709393,2.842320036,0.255583851,3.316692488,12.77919255,3.112038645,0.006224077,Low
TN_10_2023-01-24,TN,10,24-01-23,2.95297427,3.723241881,3.052033839,0.270408744,3.316692488,13.5204372,2.946701288,0.005893403,Low
TN_10_2023-01-25,TN,10,25-01-23,4.027117987,4.565306066,3.36723237,0.450832313,3.316692488,22.54161565,3.598489772,0.00719698,Low
TN_10_2023-01-26,TN,10,26-01-23,3.74587003,4.530333262,3.403261223,0.513883444,3.316692488,25.6941722,3.503019227,0.007006038,Low
TN_10_2023-01-27,TN,10,27-01-23,4.042648822,4.727176177,3.481451605,0.552727035,3.316692488,27.63635175,3.671715449,0.007343431,Low
TN_10_2023-01-28,TN,10,28-01-23,3.721131834,4.332181305,3.334808826,0.421265547,3.316692488,21.06327735,3.42529322,0.006850586,Low
TN_10_2023-01-29,TN,10,29-01-23,3.860902942,4.646592001,3.457175057,0.561360297,3.316692488,28.06801485,3.585180191,0.00717036,Low
TN_10_2023-01-30,TN,10,30-01-23,3.722275852,4.507909057,3.329030483,0.524406893,3.302258767,26.22034465,3.476907889,0.006953816,Low
TN_10_2023-01-31,TN,10,31-01-23,3.494441034,4.276709521,3.164096931,0.333367222,3.272141409,16.6683611,3.291004215,0.006582008,Low
TN_10_2023-02-01,TN,10,01-02-23,3.655848572,4.44102739,3.261830211,0.469656346,3.316692488,23.4828173,3.423547887,0.006847096,Low
TN_10_2023-02-02,TN,10,02-02-23,3.453529546,4.234452157,3.138689588,0.340975968,3.316692488,17.0487984,3.269753289,0.006539507,Low
TN_10_2023-02-03,TN,10,03-02-23,3.756229603,4.357335036,3.161036431,0.37117163,3.316692488,18.5585815,3.412790621,0.006825581,Low
TN_10_2023-02-04,TN,10,04-02-23,3.876051168,4.353477115,3.468724055,0.477591952,3.089164112,23.8795976,3.476429608,0.006952859,Low
TN_10_2023-02-05,TN,10,05-02-23,3.682663561,4.467646908,3.315996864,0.337699162,3.316692488,16.8849581,3.434517292,0.006869035,Low
TN_10_2023-02-06,TN,10,06-02-23,3.629445168,4.412554717,3.749964754,0.587477975,3.204906484,29.37389875,3.475422971,0.006950846,Low
TN_10_2023-02-07,TN,10,07-02-23,3.937068943,4.725902449,3.586545219,0.554906303,3.316692488,27.74531515,3.650426029,0.007300852,Low
TN_10_2023-02-08,TN,10,08-02-23,4.021475139,4.836341429,3.61178123,0.465373361,3.316692488,23.26866805,3.70241005,0.00740482,Low
TN_10_2023-02-09,TN,10,09-02-23,3.552348528,4.33421002,3.44373679,0.385640259,3.316692488,19.28201295,3.379502907,0.006759006,Low
TN_10_2023-02-10,TN,10,10-02-23,3.689163144,4.474573259,3.485453053,0.485151008,3.316692488,24.2575504,3.478687347,0.006957375,Low
TN_10_2023-02-11,TN,10,11-02-23,3.71741292,4.502127969,3.461605568,0.380337216,3.316692488,19.0168608,3.481404944,0.00696281,Low
TN_10_2023-02-12,TN,10,12-02-23,3.907563075,4.56698511,3.533531443,0.45321858,3.316692488,22.660929,3.582248801,0.007164498,Low
TN_10_2023-02-13,TN,10,13-02-23,3.791014553,4.577641792,3.616411539,0.462314832,3.316692488,23.1157416,3.557462629,0.007114925,Low
TN_10_2023-02-14,TN,10,14-02-23,4.045683279,4.668267043,3.760082728,0.654709494,3.135611962,32.7354747,3.682881061,0.007365762,Low
TN_10_2023-02-15,TN,10,15-02-23,4.110053856,4.670883443,3.804784667,0.543534798,3.316692488,27.1767399,3.728814763,0.00745763,Low
TN_10_2023-02-16,TN,10,16-02-23,3.639346623,4.423467133,3.544088219,0.358662098,3.316692488,17.9331049,3.444621417,0.006889243,Low
TN_10_2023-02-17,TN,10,17-02-23,3.744530089,4.529949109,3.546815907,0.411173423,3.316692488,20.55867115,3.51371641,0.007027433,Low
TN_10_2023-02-18,TN,10,18-02-23,3.676999268,4.461549977,3.538156487,0.604486717,3.316692488,30.22433585,3.491013256,0.006982027,Low
TN_10_2023-02-19,TN,10,19-02-23,3.315204425,4.091300002,3.097776358,0.285805312,3.316692488,14.2902656,3.173897407,0.006347795,Low
TN_10_2023-02-20,TN,10,20-02-23,3.353605363,4.132721752,3.263210189,0.331427063,3.316692488,16.57135315,3.227070423,0.006454141,Low
TN_10_2023-02-21,TN,10,21-02-23,3.174375197,4.337817109,3.565818059,0.428964598,3.316692488,21.4482299,3.270758638,0.006541517,Low
TN_10_2023-02-22,TN,10,22-02-23,3.861176249,4.528176644,3.551040185,0.415782075,3.316692488,20.78910375,3.555193957,0.007110388,Low
TN_10_2023-02-23,TN,10,23-02-23,3.557955838,4.471140925,3.519137195,0.385829133,3.316692488,19.29145665,3.42702714,0.006854054,Low
TN_10_2023-02-24,TN,10,24-02-23,3.650879717,4.353406677,3.015174398,0.262326556,3.212411841,13.1163278,3.326530162,0.00665306,Low
TN_10_2023-02-25,TN,10,25-02-23,3.059995678,4.18343837,3.344699814,0.345670169,3.316692488,17.28350845,3.150633942,0.006301268,Low
TN_10_2023-02-26,TN,10,26-02-23,3.562513232,4.392261836,3.168203682,0.256363389,3.316692488,12.81816945,3.343315855,0.006686632,Low
TN_10_2023-02-27,TN,10,27-02-23,3.733709435,4.528671733,3.490404167,0.653048304,3.316692488,32.6524152,3.525335564,0.007050671,Low
TN_10_2023-02-28,TN,10,28-02-23,3.338754441,4.298573853,3.338985299,0.327137917,3.316692488,16.35689585,3.274272977,0.006548546,Low
TN_10_2023-03-01,TN,10,01-03-23,3.297861307,4.19407967,2.998072482,0.185095483,3.316692488,9.25477415,3.168495669,0.006336991,Low
TN_10_2023-03-02,TN,10,02-03-23,3.418666133,4.398920066,3.706334185,0.446141637,3.316692488,22.30708185,3.394331328,0.006788663,Low
TN_10_2023-03-03,TN,10,03-03-23,3.875932905,4.588710465,3.557561297,0.469789146,3.316692488,23.4894573,3.581871115,0.007163742,Low
TN_10_2023-03-04,TN,10,04-03-23,3.193365675,4.262086978,3.34172379,0.273070635,3.316692488,13.65353175,3.209269236,0.006418538,Low
TN_10_2023-03-05,TN,10,05-03-23,3.22360765,4.254555709,3.256982135,0.317518951,3.316692488,15.87594755,3.209704693,0.006419409,Low
TN_10_2023-03-06,TN,10,06-03-23,3.433117202,4.37796109,3.636446073,0.449924922,3.316692488,22.4962461,3.38404457,0.006768089,Low
TN_10_2023-03-07,TN,10,07-03-23,3.285800782,4.286238216,3.368704081,0.380859298,3.316692488,19.0429649,3.262485243,0.00652497,Low
TN_10_2023-03-08,TN,10,08-03-23,3.274011911,4.257857529,3.260753262,0.308734939,3.316692488,15.43674695,3.227858908,0.006455718,Low
TN_10_2023-03-09,TN,10,09-03-23,3.342964478,3.962066352,2.725944691,0.108356024,3.316692488,5.571607463,3.077785335,0.006155571,Low
TN_10_2023-03-10,TN,10,10-03-23,3.830983519,4.623280205,3.804784667,0.525445503,3.316692488,26.27227515,3.617430406,0.007234861,Low
TN_10_2023-03-11,TN,10,11-03-23,3.480545345,4.374727928,3.201387684,0.316406182,3.316692488,15.8203091,3.321225497,0.006642451,Low
TN_10_2023-03-12,TN,10,12-03-23,3.265829383,4.166036796,2.809618117,0.218549682,3.316692488,10.9274841,3.125351042,0.006250702,Low
TN_10_2023-03-13,TN,10,13-03-23,3.272151154,4.370251993,2.996983574,0.305798229,3.316692488,15.28991145,3.215447134,0.006430894,Low
TN_10_2023-03-14,TN,10,14-03-23,3.660130247,4.455794891,3.30108712,0.398558597,3.316692488,19.92792985,3.42751711,0.006855034,Low
TN_10_2023-03-15,TN,10,15-03-23,3.520581193,4.44025534,3.360864535,0.369366788,3.316692488,18.4683394,3.380837485,0.006761675,Low
TN_10_2023-03-16,TN,10,16-03-23,3.285800782,4.289895355,3.310175955,0.379995342,3.039307807,18.9997671,3.212926211,0.006425852,Low
TN_10_2023-03-17,TN,10,17-03-23,3.204607654,4.065263986,3.135956066,0.350363401,2.801234385,17.51817005,3.063543583,0.006127087,Low
TN_10_2023-03-18,TN,10,18-03-23,2.959654865,4.045717526,3.207231367,0.374609311,2.806099439,18.73046555,2.986769136,0.005973538,Low
TN_10_2023-03-19,TN,10,19-03-23,3.083559984,4.007756391,2.890957099,0.124903594,2.891460489,6.2451797,2.96103809,0.005922076,Low
TN_10_2023-03-20,TN,10,20-03-23,3.149349776,4.019447016,2.733715692,0.142023875,2.809358768,7.10119375,2.952797732,0.005905595,Low
TN_10_2023-03-21,TN,10,21-03-23,3.234311086,3.931905843,3.01309208,0.174780568,3.067559508,8.7390284,3.044561136,0.006089122,Low
TN_10_2023-03-22,TN,10,22-03-23,3.365663992,4.032976934,3.182570524,0.225030658,3.209019073,11.2515329,3.167468136,0.006334936,Low
TN_10_2023-03-23,TN,10,23-03-23,3.331135256,4.188081535,3.237169962,0.284317042,3.181068668,14.2158521,3.204085222,0.00640817,Low
TN_10_2023-03-24,TN,10,24-03-23,3.467142111,4.185414388,3.143902307,0.377079922,3.011658593,18.8539961,3.220895463,0.006441791,Low
TN_10_2023-03-25,TN,10,25-03-23,3.344732845,4.134296178,3.176814637,0.27773695,2.905617602,13.8868475,3.144369071,0.006288738,Low
TN_10_2023-03-26,TN,10,26-03-23,2.991925035,3.866007426,2.965405503,0.125683841,2.91308824,6.28419205,2.908018064,0.005816036,Low
TN_10_2023-03-27,TN,10,27-03-23,3.294380468,4.108971441,3.32728793,0.251784996,2.935344386,12.5892498,3.144849371,0.006289699,Low
TN_10_2023-03-28,TN,10,28-03-23,3.348873098,4.394188704,3.280915132,0.312298463,3.187666766,15.61492315,3.272169891,0.00654434,Low
TN_10_2023-03-29,TN,10,29-03-23,3.467796279,4.051209903,2.688867382,0.158427237,2.880992259,7.92136185,3.077852843,0.006155706,Low
TN_10_2023-03-30,TN,10,30-03-23,3.342168312,4.282363113,3.135183177,0.279838895,3.094508661,13.99194475,3.202787353,0.006405575,Low
TN_10_2023-03-31,TN,10,31-03-23,3.137790255,4.010525712,3.223698958,0.185035263,3.000425951,9.25176315,3.05298028,0.006105961,Low
TN_10_2023-04-01,TN,10,01-04-23,3.37108462,4.380901001,3.30092997,0.368361596,2.939418172,18.4180798,3.247993248,0.006495986,Low
TN_10_2023-04-02,TN,10,02-04-23,2.711510873,3.650101904,2.740848985,0.084806981,2.873258566,4.519184788,2.712151112,0.005424302,Low
TN_10_2023-04-03,TN,10,03-04-23,3.342861805,4.040304443,3.014794226,0.234001061,2.909665526,11.70005305,3.092146811,0.006184294,Low
TN_10_2023-04-04,TN,10,04-04-23,3.247028569,4.027309594,3.069253764,0.170375486,3.026685734,8.5187743,3.074715871,0.006149432,Low
TN_10_2023-04-05,TN,10,05-04-23,3.500033445,4.4761366,3.368473298,0.388281271,2.888688243,19.41406355,3.321448214,0.006642896,Low
TN_10_2023-04-06,TN,10,06-04-23,3.123208915,4.020681712,3.072987884,0.162331412,2.981410508,8.1165706,3.022686448,0.006045373,Low
TN_10_2023-04-07,TN,10,07-04-23,3.350845165,4.167380407,3.115952152,0.187775407,2.914343319,9.38877035,3.137962771,0.006275926,Low
TN_10_2023-04-08,TN,10,08-04-23,3.342861805,4.031134788,3.03138426,0.165896898,2.910902228,8.2948449,3.085717992,0.006171436,Low
TN_10_2023-04-09,TN,10,09-04-23,3.39146023,4.187465345,3.113716069,0.319888108,3.133793686,15.9944054,3.202992691,0.006405985,Low
TN_10_2023-04-10,TN,10,10-04-23,3.083376783,3.907936891,2.742087124,0.147133637,2.667167289,7.35668185,2.882267622,0.005764535,Low
TN_10_2023-04-11,TN,10,11-04-23,3.262743576,4.207550782,3.149631434,0.313568078,2.74366533,15.6784039,3.10919927,0.006218399,Low
TN_10_2023-04-12,TN,10,12-04-23,4.024813277,4.614914225,3.772344185,0.590052614,3.014466111,29.5026307,3.639440009,0.00727888,Low
TN_10_2023-04-13,TN,10,13-04-23,4.045246226,4.811512551,3.801135671,0.745222287,3.062808263,37.26111435,3.722828136,0.007445656,Low
TN_10_2023-04-14,TN,10,14-04-23,2.962386863,3.867881706,2.41329689,0.105672967,2.64159874,5.28364835,2.77260747,0.005545215,Low
TN_10_2023-04-15,TN,10,15-04-23,3.246938903,4.039591342,3.241372261,0.426968358,3.033320712,21.3484179,3.130227233,0.006260454,Low
TN_10_2023-04-16,TN,10,16-04-23,3.319372029,4.035375687,2.996821958,0.273176329,3.006527956,13.65881645,3.098444252,0.006196889,Low
TN_10_2023-04-17,TN,10,17-04-23,3.389799337,4.113280461,3.3823826,0.4596639,2.923598313,22.983195,3.20661341,0.006413227,Low
TN_10_2023-04-18,TN,10,18-04-23,3.084151008,4.198028673,3.32752717,0.457007214,2.904555035,22.8503607,3.109473073,0.006218946,Low
TN_10_2023-04-19,TN,10,19-04-23,3.29372043,4.110797017,3.202620172,0.270374058,2.844301376,13.5187029,3.114577043,0.006229154,Low
TN_10_2023-04-20,TN,10,20-04-23,2.777700634,3.666979458,2.94806512,0.194415997,2.883492271,9.72079985,2.783115295,0.005566231,Low
TN_10_2023-04-21,TN,10,21-04-23,2.9643448,3.702308412,3.131027734,0.236838815,2.806208527,11.84194075,2.877367104,0.005754734,Low
TN_10_2023-04-22,TN,10,22-04-23,2.976651386,3.693208884,3.072291999,0.281129401,2.924240747,14.05647005,2.892723058,0.005785446,Low
TN_10_2023-04-23,TN,10,23-04-23,3.03783345,3.763163856,3.067809273,0.312113327,2.887707276,15.60566635,2.928571487,0.005857143,Low
TN_10_2023-04-24,TN,10,24-04-23,2.706315364,3.536061219,3.209713342,0.343899237,2.940013999,17.19496185,2.788074707,0.005576149,Low
TN_10_2023-04-25,TN,10,25-04-23,2.70079788,3.379899262,2.995852058,0.396980138,2.632388315,19.8490069,2.674188143,0.005348376,Low
TN_10_2023-04-26,TN,10,26-04-23,2.706315364,3.542081882,3.094851478,0.334983033,2.525207675,16.74915165,2.709238024,0.005418476,Low
TN_10_2023-04-27,TN,10,27-04-23,2.669407203,3.578730292,2.923432228,0.414773502,2.644772613,20.7386751,2.70568317,0.005411366,Low
TN_10_2023-04-28,TN,10,28-04-23,2.778295843,3.45254466,2.962663708,0.354098711,2.543636777,17.70493555,2.696894654,0.005393789,Low
TN_10_2023-04-29,TN,10,29-04-23,2.696505434,3.244017117,2.720078579,0.179223328,2.632411921,8.9611664,2.575577089,0.005151154,Low
TN_10_2023-04-30,TN,10,30-04-23,2.881951416,3.080968204,2.780129662,0.359687762,2.643795591,17.9843881,2.628482611,0.005256965,Low
TN_10_2023-05-01,TN,10,01-05-23,2.73735007,2.807235439,2.667271608,0.259823647,2.461649277,12.99118235,2.455201882,0.004910404,Low
TN_10_2023-05-02,TN,10,02-05-23,2.27400912,3.135064282,2.894070717,0.272943307,2.348003779,13.64716535,2.393274768,0.00478655,Low
TN_10_2023-05-03,TN,10,03-05-23,2.619153517,2.927836075,2.732351923,0.28672767,2.376670822,14.3363835,2.443688928,0.004887378,Low
TN_10_2023-05-04,TN,10,04-05-23,2.761780524,3.383402488,2.756197301,0.28357992,2.521693849,14.178996,2.63251547,0.005265031,Low
TN_10_2023-05-05,TN,10,05-05-23,2.718132536,3.42205444,3.03389908,0.219776779,2.523242222,10.98883895,2.662408871,0.005324818,Low
TN_10_2023-05-06,TN,10,06-05-23,2.985681938,3.110610509,2.689382894,0.062274447,2.508207623,4.976136563,2.608507328,0.005217015,Low
TN_10_2023-05-07,TN,10,07-05-23,2.23443158,3.131932628,2.638779513,0.085157808,2.371881159,4.2578904,2.325149092,0.004650298,Low
TN_10_2023-05-08,TN,10,08-05-23,2.733111309,3.447385693,2.661035215,0.117861005,2.383760762,5.89305025,2.586940878,0.005173882,Low
TN_10_2023-05-09,TN,10,09-05-23,2.780432876,3.368243657,3.482854171,0.213934612,2.445349769,10.6967306,2.725836473,0.005451673,Low
TN_10_2023-05-10,TN,10,10-05-23,2.583224507,3.392271299,3.440830791,0.259387812,2.725026497,12.9693906,2.703013777,0.005406028,Low
TN_10_2023-05-11,TN,10,11-05-23,3.275448326,4.289971308,2.996159266,0.201522605,2.627349677,10.07613025,3.082578343,0.006165157,Low
TN_10_2023-05-12,TN,10,12-05-23,2.778295843,3.449868491,2.875573371,0.10292004,2.570967536,5.146002,2.662143808,0.005324288,Low
TN_10_2023-05-13,TN,10,13-05-23,2.81923373,3.233838326,2.598046722,0.058760139,2.523336898,4.698722883,2.569274944,0.00513855,Low
TN_10_2023-05-14,TN,10,14-05-23,2.570332279,3.101555182,2.010024473,0.0009995,2.432940614,4.283887132,2.341549806,0.0046831,Low
TN_10_2023-05-15,TN,10,15-05-23,2.787226393,3.891616196,2.868727157,0.207826847,2.61994732,10.39134235,2.792517143,0.005585034,Low
TN_10_2023-05-16,TN,10,16-05-23,3.202059102,3.798341642,3.117167363,0.172651941,2.685569228,8.63259705,2.957981779,0.005915964,Low
TN_10_2023-05-17,TN,10,17-05-23,3.113910565,3.787943402,2.837706355,0.125096296,2.698876942,6.2548148,2.879851672,0.005759703,Low
TN_10_2023-05-18,TN,10,18-05-23,3.360128564,4.144856134,3.009145623,0.573096772,2.645342972,28.6548386,3.117741997,0.006235484,Low
TN_10_2023-05-19,TN,10,19-05-23,3.360128564,4.144856134,3.009145623,0.573096772,2.645342972,28.6548386,3.117741997,0.006235484,Low
TN_10_2023-05-20,TN,10,20-05-23,3.360128564,4.144856134,3.009145623,0.573096772,2.645342972,28.6548386,3.117741997,0.006235484,Low
TN_10_2023-05-21,TN,10,21-05-23,3.360128564,4.144856134,3.009145623,0.573096772,2.645342972,28.6548386,3.117741997,0.006235484,Low
TN_10_2023-05-22,TN,10,22-05-23,3.360128564,4.144856134,3.009145623,0.573096772,2.645342972,28.6548386,3.117741997,0.006235484,Low
TN_10_2023-05-23,TN,10,23-05-23,3.360128564,4.144856134,3.009145623,0.573096772,2.645342972,28.6548386,3.117741997,0.006235484,Low
TN_10_2023-05-24,TN,10,24-05-23,3.360128564,4.144856134,3.009145623,0.573096772,2.645342972,28.6548386,3.117741997,0.006235484,Low
TN_10_2023-05-25,TN,10,25-05-23,3.086851867,3.80940116,3.032917663,0.260760415,2.551347657,13.03802075,2.896464283,0.005792929,Low
TN_10_2023-05-26,TN,10,26-05-23,2.711510873,3.651347314,2.989216648,0.149951399,2.547159575,7.49756995,2.707317207,0.005414634,Low
TN_10_2023-05-27,TN,10,27-05-23,2.987397637,3.743768706,2.876710189,0.168746028,2.564190523,8.4373014,2.814541059,0.005629082,Low
TN_10_2023-05-28,TN,10,28-05-23,2.883906458,3.852717435,2.855799483,0.319816439,2.606663262,15.99082195,2.823897675,0.005647795,Low
TN_10_2023-05-29,TN,10,29-05-23,2.718132536,3.41371249,1.975454504,0.385970767,2.280435338,19.29853835,2.481755063,0.00496351,Low
TN_10_2023-05-30,TN,10,30-05-23,3.05257687,4.208602875,3.352925833,0.422950237,2.199883077,21.14751185,2.995768983,0.005991538,Low
TN_10_2023-05-31,TN,10,31-05-23,3.085820509,3.974726748,3.061687929,0.306438882,2.663573186,15.3219441,2.963151921,0.005926304,Low
TN_10_2023-06-01,TN,10,01-06-23,3.03068412,3.709961577,2.850542712,0.183570776,2.709757077,9.1785388,2.840631882,0.005681264,Low
TN_10_2023-06-02,TN,10,02-06-23,3.086851867,3.809768771,3.184857025,0.339918672,2.507483204,16.9959336,2.920683248,0.005841366,Low
TN_10_2023-06-03,TN,10,03-06-23,2.704636975,3.654379947,2.696010846,0.084821481,2.357422694,4.507728292,2.626715107,0.00525343,Low
TN_10_2023-06-04,TN,10,04-06-23,2.559395502,3.031320596,2.013680051,0.009950331,2.432333297,4.26565917,2.32151561,0.004643031,Low
TN_10_2023-06-05,TN,10,05-06-23,2.72550889,3.777686527,2.799983473,0.106235133,2.625196835,5.31175665,2.722750303,0.005445501,Low
TN_10_2023-06-06,TN,10,06-06-23,2.876836119,3.599930975,2.637994265,0.082731398,2.755882235,4.794726865,2.72423,0.00544846,Low
TN_10_2023-06-07,TN,10,07-06-23,2.160137882,2.836215369,2.466273477,0.015162248,2.914991599,3.600229803,2.273808087,0.004547616,Low
TN_10_2023-06-08,TN,10,08-06-23,3.215189037,2.993674603,2.689812247,0.042789289,2.587431418,5.358648395,2.669600292,0.005339201,Low
TN_10_2023-06-09,TN,10,09-06-23,2.729681221,3.495351591,2.753014715,0.004987542,2.412223944,4.549468702,2.604510878,0.005209022,Low
TN_10_2023-06-10,TN,10,10-06-23,2.729681221,3.487005489,2.451893712,0.010775073,2.45613738,4.549468702,2.564421971,0.005128844,Low
TN_10_2023-06-11,TN,10,11-06-23,2.728114232,3.347719686,2.351107364,0.013073885,2.266148002,4.546857053,2.485665596,0.004971331,Low
TN_10_2023-06-12,TN,10,12-06-23,2.856700065,3.45680767,2.391193021,0.014960003,2.065049522,4.761166775,2.533979322,0.005067959,Low
TN_10_2023-06-13,TN,10,13-06-23,2.879310811,3.568982369,2.745109833,0.021099364,2.072808069,4.798851352,2.624801998,0.005249604,Low
TN_10_2023-06-14,TN,10,14-06-23,2.759123471,3.539410035,2.656238084,0.021222477,2.088153482,4.598539118,2.564326706,0.005128653,Low
TN_10_2023-06-15,TN,10,15-06-23,3.124213435,3.75663545,3.195277336,0.019984165,2.083196059,5.207022392,2.826402991,0.005652806,Low
TN_10_2023-06-16,TN,10,16-06-23,3.337476304,3.852051816,2.621015255,0.329536867,2.082769332,16.47684335,2.869651035,0.005739302,Low
TN_10_2023-06-17,TN,10,17-06-23,2.72849951,3.898228294,2.346098009,0.419133889,2.084226477,20.95669445,2.635993964,0.005271988,Low
TN_10_2023-06-18,TN,10,18-06-23,2.736054398,3.692047348,2.287234541,0.42344145,2.070448097,21.1720725,2.576627417,0.005153255,Low
TN_10_2023-06-19,TN,10,19-06-23,3.191052316,3.704095487,2.61728431,0.48930402,2.077203797,24.465201,2.7959958,0.005591992,Low
TN_10_2023-06-20,TN,10,20-06-23,2.899331499,3.561749298,2.348126369,0.501521606,2.090619774,25.0760803,2.621167431,0.005242335,Low
TN_10_2023-06-21,TN,10,21-06-23,3.254706182,3.826441774,2.323942689,0.501520561,2.068744652,25.07602805,2.804812764,0.005609626,Low
TN_10_2023-06-22,TN,10,22-06-23,3.570254267,3.836995988,2.298761124,0.496143365,2.049288344,24.80716825,2.910659747,0.005821319,Low
TN_10_2023-06-23,TN,10,23-06-23,3.182113288,3.938611824,2.200787247,0.456729362,2.050279914,22.8364681,2.781725617,0.005563451,Low
TN_10_2023-06-24,TN,10,24-06-23,3.596406807,4.023021038,2.355360362,0.483711331,2.043382492,24.18556655,2.972680203,0.00594536,Low
TN_10_2023-06-25,TN,10,25-06-23,3.613229428,3.738153628,2.254482973,0.47192236,2.04553999,23.596118,2.891364387,0.005782729,Low
TN_10_2023-06-26,TN,10,26-06-23,3.310091269,3.494706698,2.253763157,0.455929355,2.047925791,22.79646775,2.723054896,0.00544611,Low
TN_10_2023-06-27,TN,10,27-06-23,3.344684348,3.938623937,2.115880259,0.415241722,2.054674639,20.7620861,2.822402913,0.005644806,Low
TN_10_2023-06-28,TN,10,28-06-23,3.345460016,3.495734255,2.396542684,0.471592279,2.039150519,23.57961395,2.757357778,0.005514716,Low
TN_10_2023-06-29,TN,10,29-06-23,3.06400016,2.435475655,2.147769261,0.42258622,2.048319887,21.129311,2.352940964,0.004705882,Low
TN_10_2023-06-30,TN,10,30-06-23,2.950163789,3.68553794,2.085762667,0.437380893,2.044704512,21.86904465,2.617249977,0.0052345,Low
TN_10_2023-07-01,TN,10,01-07-23,2.734757044,3.757599893,2.373325049,0.497455389,2.048082552,24.87276945,2.609521618,0.005219043,Low
TN_10_2023-07-02,TN,10,02-07-23,2.992734033,3.329199006,1.96255654,0.432052943,2.047155064,21.60264715,2.524418698,0.005048837,Low
TN_10_2023-07-03,TN,10,03-07-23,3.214521358,3.23241706,2.104506714,0.441185221,2.048073595,22.05926105,2.600192309,0.005200385,Low
TN_10_2023-07-04,TN,10,04-07-23,3.004772537,3.198172064,1.920048293,0.417388688,2.04436375,20.8694344,2.487614079,0.004975228,Low
TN_10_2023-07-05,TN,10,05-07-23,3.166977084,3.240905074,2.147807023,0.438481278,2.040604965,21.9240639,2.590778174,0.005181556,Low
TN_10_2023-07-06,TN,10,06-07-23,3.166977084,3.24285082,1.955536288,0.423468733,2.043620045,21.17343665,2.561375008,0.00512275,Low
TN_10_2023-07-07,TN,10,07-07-23,3.350031272,3.503051758,2.327684127,0.466699566,2.043730404,23.3349783,2.750656021,0.005501312,Low
TN_10_2023-07-08,TN,10,08-07-23,3.345671458,3.482938495,2.157230581,0.466135865,2.048325155,23.30679325,2.719166581,0.005438333,Low
TN_10_2023-07-09,TN,10,09-07-23,3.226352802,3.356628504,1.967296877,0.435158745,2.047388137,21.75793725,2.614099233,0.005228198,Low
TN_10_2023-07-10,TN,10,10-07-23,3.315044727,3.487764546,2.209543172,0.483337631,2.045084361,24.16688155,2.718734684,0.005437469,Low
TN_10_2023-07-11,TN,10,11-07-23,3.654571766,4.041904279,2.308768833,0.479043265,2.050036985,23.95216325,2.991301387,0.005982603,Low
TN_10_2023-07-12,TN,10,12-07-23,3.586339417,3.697991225,2.137597054,0.500114619,2.042626266,25.00573095,2.856761562,0.005713523,Low
TN_10_2023-07-13,TN,10,13-07-23,3.348275569,3.453536795,2.224353245,0.525615709,2.050591863,26.28078545,2.729083985,0.005458168,Low
TN_10_2023-07-14,TN,10,14-07-23,3.562454891,3.845087837,2.409891215,0.570838294,2.045443002,28.5419147,2.933515133,0.00586703,Low
TN_10_2023-07-15,TN,10,15-07-23,3.605705025,3.732423196,2.244702152,0.492746511,2.048933113,24.63732555,2.888422499,0.005776845,Low
TN_10_2023-07-16,TN,10,16-07-23,2.550382232,3.755534874,1.989542477,0.47271263,2.054025794,23.6356315,2.485324003,0.004970648,Low
TN_10_2023-07-17,TN,10,17-07-23,3.171349112,3.883256672,1.980361584,0.485128703,2.045769536,24.25643515,2.733218896,0.005466438,Low
TN_10_2023-07-18,TN,10,18-07-23,2.222892324,3.614722977,1.840434988,0.443509917,2.042309202,22.17549585,2.308455678,0.004616911,Low
TN_10_2023-07-19,TN,10,19-07-23,2.494361809,3.364634245,1.676878469,0.437932298,2.041079626,21.8966149,2.315672138,0.004631344,Low
TN_10_2023-07-20,TN,10,20-07-23,3.360128564,4.144856134,3.009145623,0.573096772,2.645342972,28.6548386,3.117741997,0.006235484,Low
TN_10_2023-07-21,TN,10,21-07-23,3.360128564,4.144856134,3.009145623,0.573096772,2.645342972,28.6548386,3.117741997,0.006235484,Low
TN_10_2023-07-22,TN,10,22-07-23,3.360128564,4.144856134,3.009145623,0.573096772,2.645342972,28.6548386,3.117741997,0.006235484,Low
TN_10_2023-07-23,TN,10,23-07-23,3.360128564,4.144856134,3.009145623,0.573096772,2.645342972,28.6548386,3.117741997,0.006235484,Low
TN_10_2023-07-24,TN,10,24-07-23,3.360128564,4.144856134,3.009145623,0.573096772,2.645342972,28.6548386,3.117741997,0.006235484,Low
TN_10_2023-07-25,TN,10,25-07-23,3.360128564,4.144856134,3.009145623,0.573096772,2.645342972,28.6548386,3.117741997,0.006235484,Low
TN_10_2023-07-26,TN,10,26-07-23,3.360128564,4.144856134,3.009145623,0.573096772,2.645342972,28.6548386,3.117741997,0.006235484,Low
TN_10_2023-07-27,TN,10,27-07-23,3.360128564,4.144856134,3.009145623,0.573096772,2.645342972,28.6548386,3.117741997,0.006235484,Low
TN_10_2023-07-28,TN,10,28-07-23,3.360128564,4.144856134,3.009145623,0.573096772,2.645342972,28.6548386,3.117741997,0.006235484,Low
TN_10_2023-07-29,TN,10,29-07-23,3.360128564,4.144856134,3.009145623,0.573096772,2.645342972,28.6548386,3.117741997,0.006235484,Low
TN_10_2023-07-30,TN,10,30-07-23,3.360128564,4.144856134,3.009145623,0.573096772,2.645342972,28.6548386,3.117741997,0.006235484,Low
TN_10_2023-07-31,TN,10,31-07-23,3.360128564,4.144856134,3.009145623,0.573096772,2.645342972,28.6548386,3.117741997,0.006235484,Low
TN_10_2023-08-01,TN,10,01-08-23,3.360128564,4.144856134,3.009145623,0.573096772,2.645342972,28.6548386,3.117741997,0.006235484,Low
TN_10_2023-08-02,TN,10,02-08-23,3.360128564,4.144856134,3.009145623,0.573096772,2.645342972,28.6548386,3.117741997,0.006235484,Low
TN_10_2023-08-03,TN,10,03-08-23,3.360128564,4.144856134,3.009145623,0.573096772,2.645342972,28.6548386,3.117741997,0.006235484,Low
TN_10_2023-08-04,TN,10,04-08-23,3.360128564,4.144856134,3.009145623,0.573096772,2.645342972,28.6548386,3.117741997,0.006235484,Low
TN_10_2023-08-05,TN,10,05-08-23,3.360128564,4.144856134,3.009145623,0.573096772,2.645342972,28.6548386,3.117741997,0.006235484,Low
TN_10_2023-08-06,TN,10,06-08-23,3.360128564,4.144856134,3.009145623,0.573096772,2.645342972,28.6548386,3.117741997,0.006235484,Low
TN_10_2023-08-07,TN,10,07-08-23,3.360128564,4.144856134,3.009145623,0.573096772,2.645342972,28.6548386,3.117741997,0.006235484,Low
TN_10_2023-08-08,TN,10,08-08-23,3.360128564,4.144856134,3.009145623,0.573096772,2.645342972,28.6548386,3.117741997,0.006235484,Low
TN_10_2023-08-09,TN,10,09-08-23,3.755690543,4.401697951,2.705721102,0.719413757,2.049988593,35.97068785,3.200214008,0.006400428,Low
TN_10_2023-08-10,TN,10,10-08-23,3.854678545,4.126731078,2.284317808,0.579276319,2.047141032,28.96381595,3.088466718,0.006176933,Low
TN_10_2023-08-11,TN,10,11-08-23,3.846607438,4.392558938,2.888984479,0.590663182,2.042680302,29.5331591,3.243268373,0.006486537,Low
TN_10_2023-08-12,TN,10,12-08-23,3.5068666,4.359258991,2.397096343,0.416858292,2.047903395,20.8429146,3.025653848,0.006051308,Low
TN_10_2023-08-13,TN,10,13-08-23,3.400384551,3.943187314,1.887864787,0.308464611,2.043522871,15.42323055,2.796486031,0.005592972,Low
TN_10_2023-08-14,TN,10,14-08-23,3.865448676,4.429239829,2.533851123,0.474982533,2.049474409,23.74912665,3.195214077,0.006390428,Low
TN_10_2023-08-15,TN,10,15-08-23,3.253369035,4.092610421,2.127607338,0.399870785,2.046486919,19.99353925,2.827932985,0.005655866,Low
TN_10_2023-08-16,TN,10,16-08-23,3.537822739,4.2707051,2.289091687,0.414544139,2.04515378,20.72720695,2.997505468,0.005995011,Low
TN_10_2023-08-17,TN,10,17-08-23,3.733591539,4.249877826,2.185856189,0.376198393,2.04873173,18.80991965,3.042034522,0.006084069,Low
TN_10_2023-08-18,TN,10,18-08-23,3.401752481,4.164587809,2.099154806,0.403750677,2.043220492,20.18753385,2.893491683,0.005786983,Low
TN_10_2023-08-19,TN,10,19-08-23,3.615498621,4.139185138,2.204677445,0.392980086,2.04977401,19.6490043,2.977686529,0.005955373,Low
TN_10_2023-08-20,TN,10,20-08-23,2.236231592,3.567254575,1.914215213,0.352086307,2.04414489,17.60431535,2.303457347,0.004606915,Low
TN_10_2023-08-21,TN,10,21-08-23,3.268489459,4.14693262,2.405416163,0.407102655,2.05157776,20.35513275,2.88996382,0.005779928,Low
TN_10_2023-08-22,TN,10,22-08-23,3.458573596,4.081648567,2.156284692,0.368461688,2.046288034,18.4230844,2.898144978,0.00579629,Low
TN_10_2023-08-23,TN,10,23-08-23,3.407045493,4.275284474,2.345075695,0.412707338,2.047612195,20.6353669,2.961460958,0.005922922,Low
TN_10_2023-08-24,TN,10,24-08-23,3.914433708,4.434232226,2.285982114,0.400909291,2.045216662,20.04546455,3.1683806,0.006336761,Low
TN_10_2023-08-25,TN,10,25-08-23,3.551157149,3.991614842,2.356078465,0.418271642,2.039552272,20.9135821,2.941980487,0.005883961,Low
TN_10_2023-08-26,TN,10,26-08-23,3.013797281,3.720811616,2.462322622,0.423490084,2.047215871,21.1745042,2.703811735,0.005407623,Low
TN_10_2023-08-27,TN,10,27-08-23,3.296341368,3.352594179,2.065107528,0.372209899,2.046711179,18.61049495,2.645861819,0.005291724,Low
TN_10_2023-08-28,TN,10,28-08-23,3.288760965,3.477270683,2.017766971,0.351793256,2.038721267,17.5896628,2.66403657,0.005328073,Low
TN_10_2023-08-29,TN,10,29-08-23,3.497102082,3.519591342,2.346342774,0.446242657,2.04376039,22.31213285,2.807023305,0.005614047,Low
TN_10_2023-08-30,TN,10,30-08-23,3.320624325,3.532320669,2.362224916,0.422868345,2.048439876,21.14341725,2.749185234,0.00549837,Low
TN_10_2023-08-31,TN,10,31-08-23,3.323366462,3.868432425,2.471498292,0.45994891,2.048310932,22.9974455,2.854252643,0.005708505,Low
TN_10_2023-09-01,TN,10,01-09-23,3.395434978,3.647026112,2.435129019,0.402172657,2.052207725,20.10863285,2.813476548,0.005626953,Low
TN_10_2023-09-02,TN,10,02-09-23,3.319842703,3.819060069,2.479043535,0.462446738,2.047125723,23.1223369,2.841880026,0.00568376,Low
TN_10_2023-09-03,TN,10,03-09-23,2.890816104,3.576433712,2.085758354,0.392909767,2.045840771,19.64548835,2.56492491,0.00512985,Low
TN_10_2023-09-04,TN,10,04-09-23,2.489230621,3.355923943,1.881297551,0.323642268,2.044434854,16.1821134,2.331435791,0.004662872,Low
TN_10_2023-09-05,TN,10,05-09-23,3.360128564,4.144856134,3.009145623,0.573096772,2.645342972,28.6548386,3.117741997,0.006235484,Low
TN_10_2023-09-06,TN,10,06-09-23,3.193419546,3.535053027,2.197656583,0.474092481,2.044655979,23.70462405,2.68521623,0.005370432,Low
TN_10_2023-09-07,TN,10,07-09-23,3.056909835,3.001076302,1.795705378,0.336908649,2.046990088,16.84543245,2.430282703,0.004860565,Low
TN_10_2023-09-08,TN,10,08-09-23,2.614325431,3.449908178,1.989713409,0.345213681,2.04042185,17.26068405,2.416532602,0.004833065,Low
TN_10_2023-09-09,TN,10,09-09-23,2.998846632,2.941920145,1.921350818,0.31780417,2.037828684,15.8902085,2.4107337,0.004821467,Low
TN_10_2023-09-10,TN,10,10-09-23,3.360128564,4.144856134,3.009145623,0.573096772,2.645342972,28.6548386,3.117741997,0.006235484,Low
TN_10_2023-09-11,TN,10,11-09-23,3.360128564,4.144856134,3.009145623,0.573096772,2.645342972,28.6548386,3.117741997,0.006235484,Low
TN_10_2023-09-12,TN,10,12-09-23,3.370587819,3.636024791,2.417421994,0.444800283,2.047324112,22.24001415,2.802903879,0.005605808,Low
TN_10_2023-09-13,TN,10,13-09-23,3.350031272,3.506223466,2.265632916,0.402056527,2.041806376,20.10282635,2.735388358,0.005470777,Low
TN_10_2023-09-14,TN,10,14-09-23,3.084572706,3.318373031,2.003695147,0.353901872,2.040920584,17.6950936,2.551276252,0.005102553,Low
TN_10_2023-09-15,TN,10,15-09-23,2.989519263,3.338841662,2.005095828,0.375626174,2.047813804,18.7813087,2.52654122,0.005053082,Low
TN_10_2023-09-16,TN,10,16-09-23,3.178063765,2.728465386,1.893980446,0.34767301,2.044752213,17.3836505,2.420015864,0.004840032,Low
TN_10_2023-09-17,TN,10,17-09-23,3.360128564,4.144856134,3.009145623,0.573096772,2.645342972,28.6548386,3.117741997,0.006235484,Low
TN_10_2023-09-18,TN,10,18-09-23,3.360128564,4.144856134,3.009145623,0.573096772,2.645342972,28.6548386,3.117741997,0.006235484,Low
TN_10_2023-09-19,TN,10,19-09-23,3.360128564,4.144856134,3.009145623,0.573096772,2.645342972,28.6548386,3.117741997,0.006235484,Low
TN_10_2023-09-20,TN,10,20-09-23,3.360128564,4.144856134,3.009145623,0.573096772,2.645342972,28.6548386,3.117741997,0.006235484,Low
TN_10_2023-09-21,TN,10,21-09-23,3.360128564,4.144856134,3.009145623,0.573096772,2.645342972,28.6548386,3.117741997,0.006235484,Low
TN_10_2023-09-22,TN,10,22-09-23,3.360128564,4.144856134,3.009145623,0.573096772,2.645342972,28.6548386,3.117741997,0.006235484,Low
TN_10_2023-09-23,TN,10,23-09-23,3.360128564,4.144856134,3.009145623,0.573096772,2.645342972,28.6548386,3.117741997,0.006235484,Low
TN_10_2023-09-24,TN,10,24-09-23,3.360128564,4.144856134,3.009145623,0.573096772,2.645342972,28.6548386,3.117741997,0.006235484,Low
TN_10_2023-09-25,TN,10,25-09-23,3.360128564,4.144856134,3.009145623,0.573096772,2.645342972,28.6548386,3.117741997,0.006235484,Low
TN_10_2023-09-26,TN,10,26-09-23,3.02295826,3.744174774,2.380685086,0.613729277,2.039014744,30.68646385,2.718406987,0.005436814,Low
TN_10_2023-09-27,TN,10,27-09-23,3.230567213,3.705355476,2.065887802,0.461110031,2.051316582,23.05550155,2.720729054,0.005441458,Low
TN_10_2023-09-28,TN,10,28-09-23,2.570433225,3.096519849,1.717191018,0.355659277,2.047223525,17.78296385,2.2740097,0.004548019,Low
TN_10_2023-09-29,TN,10,29-09-23,3.248808344,3.474176741,2.024226092,0.354522629,2.038803992,17.72613145,2.650533881,0.005301068,Low
TN_10_2023-09-30,TN,10,30-09-23,3.009435866,2.847063071,1.61124184,0.273255593,2.044111168,13.66277965,2.340696831,0.004681394,Low
TN_10_2023-10-01,TN,10,01-10-23,3.207509148,3.061105407,1.732097925,0.291840083,2.049854484,14.59200415,2.484381423,0.004968763,Low
TN_10_2023-10-02,TN,10,02-10-23,3.042413734,2.792595577,1.695692058,0.281097944,2.046455519,14.0548972,2.352425632,0.004704851,Low
TN_10_2023-10-03,TN,10,03-10-23,3.408141962,4.131138455,2.49513197,0.422176543,2.052448542,21.10882715,2.949989032,0.005899978,Low
TN_10_2023-10-04,TN,10,04-10-23,3.54914673,3.784151754,1.479329227,0.258510695,2.043058465,12.92553475,2.742448517,0.005484897,Low
TN_10_2023-10-05,TN,10,05-10-23,3.360128564,4.144856134,3.009145623,0.573096772,2.645342972,28.6548386,3.117741997,0.006235484,Low
TN_10_2023-10-06,TN,10,06-10-23,3.360128564,4.144856134,3.009145623,0.573096772,2.645342972,28.6548386,3.117741997,0.006235484,Low
TN_10_2023-10-07,TN,10,07-10-23,3.360128564,4.144856134,3.009145623,0.573096772,2.645342972,28.6548386,3.117741997,0.006235484,Low
TN_10_2023-10-08,TN,10,08-10-23,3.360128564,4.144856134,3.009145623,0.573096772,2.645342972,28.6548386,3.117741997,0.006235484,Low
TN_10_2023-10-09,TN,10,09-10-23,3.360128564,4.144856134,3.009145623,0.573096772,2.645342972,28.6548386,3.117741997,0.006235484,Low
TN_10_2023-10-10,TN,10,10-10-23,3.360128564,4.144856134,3.009145623,0.573096772,2.645342972,28.6548386,3.117741997,0.006235484,Low
TN_10_2023-10-11,TN,10,11-10-23,3.295089673,4.01280197,2.761745423,0.658584491,2.04621505,32.92922455,2.943534398,0.005887069,Low
TN_10_2023-10-12,TN,10,12-10-23,3.55848243,4.14106701,2.539174682,0.506262597,2.040017738,25.31312985,3.018240726,0.006036481,Low
TN_10_2023-10-13,TN,10,13-10-23,3.317463097,4.802487253,3.142030777,0.743011503,2.041098568,37.15057515,3.213504449,0.006427009,Low
TN_10_2023-10-14,TN,10,14-10-23,3.873982571,4.586769426,2.752077719,0.577362147,2.042918021,28.86810735,3.279571832,0.006559144,Low
TN_10_2023-10-15,TN,10,15-10-23,3.360128564,4.144856134,3.009145623,0.573096772,2.645342972,28.6548386,3.117741997,0.006235484,Low
TN_10_2023-10-16,TN,10,16-10-23,3.360128564,4.144856134,3.009145623,0.573096772,2.645342972,28.6548386,3.117741997,0.006235484,Low
TN_10_2023-10-17,TN,10,17-10-23,3.90426786,4.578046827,3.018186611,0.692092703,2.042492756,34.60463515,3.339316633,0.006678633,Low
TN_10_2023-10-18,TN,10,18-10-23,3.646201603,4.855692533,3.202008277,0.716584145,2.046387644,35.82920725,3.349011497,0.006698023,Low
TN_10_2023-10-19,TN,10,19-10-23,3.379416048,4.855692533,3.374625226,0.840084406,2.043049463,42.0042203,3.293378394,0.006586757,Low
TN_10_2023-10-20,TN,10,20-10-23,3.573883814,4.855692533,3.137011784,0.713341207,2.04849897,35.66706035,3.313943202,0.006627886,Low
TN_10_2023-10-21,TN,10,21-10-23,3.704094368,4.478495234,2.343199066,0.48211746,2.029725949,24.105873,3.120207336,0.006240415,Low
TN_10_2023-10-22,TN,10,22-10-23,3.593784355,4.855692533,2.822568655,0.536493371,1.989129268,26.82466855,3.247151683,0.006494303,Low
TN_10_2023-10-23,TN,10,23-10-23,3.559336526,4.497647613,2.624789358,0.546494363,2.051917777,27.32471815,3.126335194,0.00625267,Low
TN_10_2023-10-24,TN,10,24-10-23,3.548629111,3.9135094,2.215664621,0.430631863,2.040990324,21.53159315,2.901958967,0.005803918,Low
TN_10_2023-10-25,TN,10,25-10-23,3.722261675,4.430506111,2.978004887,0.588904867,2.04734332,29.44524335,3.223110832,0.006446222,Low
TN_10_2023-10-26,TN,10,26-10-23,3.200834289,4.643028394,2.704376796,0.503693105,2.043906884,25.18465525,3.043660962,0.006087322,Low
TN_10_2023-10-27,TN,10,27-10-23,3.360128564,4.144856134,3.009145623,0.573096772,2.645342972,28.6548386,3.117741997,0.006235484,Low
TN_10_2023-10-28,TN,10,28-10-23,3.261081896,4.601827842,2.920065395,0.588336282,2.049512423,29.4168141,3.096105925,0.006192212,Low
TN_10_2023-10-29,TN,10,29-10-23,2.771486925,3.657319985,2.329450141,0.415827895,2.039622733,20.79139475,2.581294141,0.005162588,Low
TN_10_2023-10-30,TN,10,30-10-23,2.983254752,3.972938408,2.354307462,0.355340721,2.043274495,17.76703605,2.732545131,0.00546509,Low
TN_10_2023-10-31,TN,10,31-10-23,3.209794716,4.855692533,2.825729528,0.595051876,2.0458686,29.7525938,3.127596191,0.006255192,Low
TN_10_2023-11-01,TN,10,01-11-23,3.047560147,4.782572022,2.835340709,0.595575185,2.045958964,29.77875925,3.054041526,0.006108083,Low
TN_10_2023-11-02,TN,10,02-11-23,3.360128564,4.144856134,3.009145623,0.573096772,2.645342972,28.6548386,3.117741997,0.006235484,Low
TN_10_2023-11-03,TN,10,03-11-23,3.360128564,4.144856134,3.009145623,0.573096772,2.645342972,28.6548386,3.117741997,0.006235484,Low
TN_10_2023-11-04,TN,10,04-11-23,3.360128564,4.144856134,3.009145623,0.573096772,2.645342972,28.6548386,3.117741997,0.006235484,Low
TN_10_2023-11-05,TN,10,05-11-23,3.360128564,4.144856134,3.009145623,0.573096772,2.645342972,28.6548386,3.117741997,0.006235484,Low
TN_10_2023-11-06,TN,10,06-11-23,3.209794716,4.855692533,2.828591064,0.590098805,2.040912256,29.50494025,3.126786662,0.006253573,Low
TN_10_2023-11-07,TN,10,07-11-23,3.013080912,3.784189634,2.879137984,0.614922842,2.04848554,30.7461421,2.801261541,0.005602523,Low
TN_10_2023-11-08,TN,10,08-11-23,3.023930928,3.969889433,2.770557675,0.585791923,2.049234432,29.28959615,2.832396191,0.005664792,Low
TN_10_2023-11-09,TN,10,09-11-23,2.831682762,4.655398601,2.638153712,0.564984374,2.046925836,28.2492187,2.914198987,0.005828398,Low
TN_10_2023-11-10,TN,10,10-11-23,3.715198571,4.182878589,2.780413928,0.803168692,2.043395991,40.1584346,3.149927504,0.006299855,Low
TN_10_2023-11-11,TN,10,11-11-23,3.433124958,4.377331104,2.787262283,0.665935028,2.043238493,33.2967514,3.087095131,0.00617419,Low
TN_10_2023-11-12,TN,10,12-11-23,4.13558378,4.855692533,2.792841796,0.805841035,2.050743215,40.29205175,3.468499311,0.006936999,Low
TN_10_2023-11-13,TN,10,13-11-23,3.823048794,4.79706384,2.826875903,0.690783278,2.044596657,34.5391639,3.33713225,0.006674264,Low
TN_10_2023-11-14,TN,10,14-11-23,3.649654491,4.555041126,2.234270563,0.481362484,2.044037425,24.0681242,3.1060218,0.006212044,Low
TN_10_2023-11-15,TN,10,15-11-23,3.468740314,4.551667686,3.106506679,0.743551687,2.049902382,37.17758435,3.199792559,0.006399585,Low
TN_10_2023-11-16,TN,10,16-11-23,3.858567601,4.378440786,2.955013355,0.668843815,2.043679424,33.44219075,3.261797155,0.006523594,Low
TN_10_2023-11-17,TN,10,17-11-23,3.39790075,4.146840649,2.287952515,0.45772148,2.044994313,22.886074,2.921689597,0.005843379,Low
TN_10_2023-11-18,TN,10,18-11-23,3.360128564,4.144856134,3.009145623,0.573096772,2.645342972,28.6548386,3.117741997,0.006235484,Low
TN_10_2023-11-19,TN,10,19-11-23,3.360128564,4.144856134,3.009145623,0.573096772,2.645342972,28.6548386,3.117741997,0.006235484,Low
TN_10_2023-11-20,TN,10,20-11-23,3.360128564,4.144856134,3.009145623,0.573096772,2.645342972,28.6548386,3.117741997,0.006235484,Low
TN_10_2023-11-21,TN,10,21-11-23,3.360128564,4.144856134,3.009145623,0.573096772,2.645342972,28.6548386,3.117741997,0.006235484,Low
TN_10_2023-11-22,TN,10,22-11-23,3.210505895,3.942974734,2.573002921,0.740462335,2.048514319,37.02311675,2.876694566,0.005753389,Low
TN_10_2023-11-23,TN,10,23-11-23,3.031789937,2.699681951,2.091349526,0.339444007,2.051556338,16.97220035,2.391427246,0.004782854,Low
TN_10_2023-11-24,TN,10,24-11-23,3.364658735,3.920734946,2.649714624,0.513144362,2.037176915,25.6572181,2.912162461,0.005824325,Low
TN_10_2023-11-25,TN,10,25-11-23,3.449340511,3.717134481,2.570505475,0.443171142,2.03527738,22.1585571,2.871737342,0.005743475,Low
TN_10_2023-11-26,TN,10,26-11-23,3.02295826,3.745159357,2.366357696,0.51745361,2.049078979,25.8726805,2.708386093,0.005416772,Low
TN_10_2023-11-27,TN,10,27-11-23,3.60423686,4.225478813,2.889327231,0.763722133,2.045340617,38.18610665,3.134424995,0.00626885,Low
TN_10_2023-11-28,TN,10,28-11-23,3.368655537,3.944673033,2.765508596,0.591579617,2.041098568,29.57898085,2.945346733,0.005890693,Low
TN_10_2023-11-29,TN,10,29-11-23,2.904046352,3.624499254,2.775786728,0.538501587,2.048418387,26.92507935,2.700021963,0.005400044,Low
TN_10_2023-11-30,TN,10,30-11-23,3.023152869,3.727955926,2.2324098,0.340595378,2.047692843,17.0297689,2.66616742,0.005332335,Low
TN_10_2023-12-01,TN,10,01-12-23,3.23031899,4.479596354,3.036856041,0.708595422,2.046225492,35.4297711,3.083832507,0.006167665,Low
TN_10_2023-12-02,TN,10,02-12-23,3.249899003,4.700883226,2.91764685,0.706289606,2.048924164,35.3144803,3.12830007,0.0062566,Low
TN_10_2023-12-03,TN,10,03-12-23,3.01622094,4.719686091,2.779178938,0.655791394,2.041669362,32.7895697,3.024305236,0.00604861,Low
TN_10_2023-12-04,TN,10,04-12-23,3.385935679,3.477077592,2.577293667,0.475533654,2.038153497,23.7766827,2.794217326,0.005588435,Low
TN_10_2023-12-05,TN,10,05-12-23,3.809180151,4.140713643,2.952427816,0.564040508,2.042578983,28.2020254,3.174046534,0.006348093,Low
TN_10_2023-12-06,TN,10,06-12-23,3.689866467,4.196806436,3.025808741,0.686835638,2.042366857,34.3417819,3.169564776,0.00633913,Low
TN_10_2023-12-07,TN,10,07-12-23,3.490011338,4.214807645,2.959403209,0.653229002,2.048163163,32.6614501,3.091663736,0.006183327,Low
TN_10_2023-12-08,TN,10,08-12-23,3.390932376,3.803098909,2.552500395,0.466078363,2.045610265,23.30391815,2.873925494,0.005747851,Low
TN_10_2023-12-09,TN,10,09-12-23,3.457376844,3.864612514,2.519291303,0.513800361,2.043553464,25.69001805,2.912041775,0.005824084,Low
TN_10_2023-12-10,TN,10,10-12-23,3.705530675,3.830896551,2.685430554,0.483368778,2.039880146,24.1684389,3.011793357,0.006023587,Low
TN_10_2023-12-11,TN,10,11-12-23,3.707629478,4.151001847,2.878111725,0.579488441,2.044046418,28.97442205,3.131693345,0.006263387,Low
TN_10_2023-12-12,TN,10,12-12-23,3.557849066,4.221070821,2.778832212,0.538732577,2.039926202,26.93662885,3.077201898,0.006154404,Low
TN_10_2023-12-13,TN,10,13-12-23,3.69070591,4.262103976,2.7088855,0.501196075,2.040132977,25.05980375,3.119745442,0.006239491,Low
TN_10_2023-12-14,TN,10,14-12-23,3.512611413,4.42963927,2.941342083,0.616029877,2.044906708,30.80149385,3.146364118,0.006292728,Low
TN_10_2023-12-15,TN,10,15-12-23,3.475039913,4.390439675,2.743789496,0.501309904,2.048628522,25.0654952,3.082867581,0.006165735,Low
TN_10_2023-12-16,TN,10,16-12-23,3.126922111,4.082703234,2.581040354,0.537832629,2.053204508,26.89163145,2.86401854,0.005728037,Low
TN_10_2023-12-17,TN,10,17-12-23,3.360128564,4.144856134,3.009145623,0.573096772,2.645342972,28.6548386,3.117741997,0.006235484,Low
TN_10_2023-12-18,TN,10,18-12-23,3.464159139,4.592201032,3.24885525,0.850951891,2.03650142,42.54759455,3.238404646,0.006476809,Low
TN_10_2023-12-19,TN,10,19-12-23,3.501950633,4.511067055,3.105829055,0.717378983,2.042770353,35.86894915,3.197477295,0.006394955,Low
TN_10_2023-12-20,TN,10,20-12-23,3.360128564,4.144856134,3.009145623,0.573096772,2.645342972,28.6548386,3.117741997,0.006235484,Low
TN_10_2023-12-21,TN,10,21-12-23,3.799780276,4.810521851,3.454430044,0.907653538,2.041751475,45.3826769,3.447746141,0.006895492,Low
TN_10_2023-12-22,TN,10,22-12-23,3.752665739,4.677412356,3.208856353,0.793495154,2.046944355,39.6747577,3.350505719,0.006701011,Low
TN_10_2023-12-23,TN,10,23-12-23,4.036081897,4.855692533,3.328905423,0.91027266,2.045278256,45.513633,3.523706615,0.007047413,Low
TN_10_2023-12-24,TN,10,24-12-23,3.750173928,4.735637651,3.002613061,0.714565468,2.048968911,35.7282734,3.32566413,0.006651328,Low
TN_10_2023-12-25,TN,10,25-12-23,3.150884076,4.034389461,2.313094889,0.469595937,2.043795591,23.47979685,2.811899958,0.0056238,Low
TN_10_2023-12-26,TN,10,26-12-23,2.837090622,4.021443394,2.890543425,0.610972572,2.042684804,30.5486286,2.799424058,0.005598848,Low
TN_10_2023-12-27,TN,10,27-12-23,2.800743323,4.062275382,2.887624933,0.603678241,2.043517472,30.18391205,2.795868193,0.005591736,Low
TN_10_2023-12-28,TN,10,28-12-23,3.122118116,4.159089225,2.669123272,0.546970029,2.047639078,27.34850145,2.894725002,0.00578945,Low
TN_10_2023-12-29,TN,10,29-12-23,3.154029108,4.252900208,2.84849629,0.623211404,2.038034644,31.1605702,2.96243602,0.005924872,Low
TN_10_2023-12-30,TN,10,30-12-23,3.111677019,4.345902153,2.910115645,0.680394643,2.048647479,34.01973215,2.987416428,0.005974833,Low
TN_10_2023-12-31,TN,10,31-12-23,3.122100572,4.237242885,2.799562896,0.621898365,2.047196048,31.09491825,2.9412496,0.005882499,Low
TN_10_2024-01-01,TN,10,01-01-24,3.362802994,4.312140507,2.533696814,0.488580015,2.047692843,24.42900075,2.991082625,0.005982165,Low
TN_10_2024-01-02,TN,10,02-01-24,3.530762586,4.501142116,2.895359299,0.620576488,2.046401688,31.0288244,3.164374231,0.006328748,Low
TN_10_2024-01-03,TN,10,03-01-24,3.221272949,4.456670178,2.871868286,0.672944473,2.054123734,33.64722365,3.047806327,0.006095613,Low
TN_10_2024-01-04,TN,10,04-01-24,3.591146028,4.200804473,2.590017134,0.604315967,2.037316615,30.21579835,3.061633887,0.006123268,Low
TN_10_2024-01-05,TN,10,05-01-24,3.478158423,4.188290175,2.742129515,0.570979547,2.047692843,28.54897735,3.0399993,0.006079999,Low
TN_10_2024-01-06,TN,10,06-01-24,3.310177983,4.400480313,2.813010637,0.548121409,2.047692843,27.40607045,3.042600035,0.0060852,Low
TN_10_2024-01-07,TN,10,07-01-24,2.857044754,4.086816296,2.69597762,0.553885113,2.045108863,27.69425565,2.788221222,0.005576442,Low
TN_10_2024-01-08,TN,10,08-01-24,2.63905733,3.778491613,2.615203651,0.500775288,2.046401688,25.0387644,2.617611298,0.005235223,Low
TN_10_2024-01-09,TN,10,09-01-24,3.080532875,3.931629535,2.788092909,0.765467842,2.039920784,38.2733921,2.861842728,0.005723685,Low
TN_10_2024-01-10,TN,10,10-01-24,3.534270336,4.338205355,2.961658293,0.824175443,2.041220329,41.20877215,3.154395294,0.006308791,Low
TN_10_2024-01-11,TN,10,11-01-24,3.385068,4.721529987,3.05116698,0.683096845,2.039920784,34.15484225,3.197129146,0.006394258,Low
TN_10_2024-01-12,TN,10,12-01-24,3.354455119,4.698842662,3.120601256,0.703097511,2.036011984,35.15487555,3.192571694,0.006385143,Low
TN_10_2024-01-13,TN,10,13-01-24,3.714059753,4.855692533,3.201526187,0.871293366,2.045108863,43.5646683,3.387968641,0.006775937,Low
TN_10_2024-01-14,TN,10,14-01-24,3.766534699,4.843714534,2.927988621,0.647103242,2.048982334,32.3551621,3.340471746,0.006680943,Low
TN_10_2024-01-15,TN,10,15-01-24,3.726897521,4.666641508,2.714694744,0.536493371,2.047692843,26.82466855,3.239081985,0.006478164,Low
TN_10_2024-01-16,TN,10,16-01-24,3.58850648,4.536998406,2.686486023,0.530628251,2.041220329,26.53141255,3.152445647,0.006304891,Low
TN_10_2024-01-17,TN,10,17-01-24,3.258096538,4.27290907,2.72392355,0.542324291,2.041220329,27.11621455,2.977565067,0.00595513,Low
TN_10_2024-01-18,TN,10,18-01-24,2.885917408,4.022132228,2.604170071,0.494696242,2.042518188,24.7348121,2.762077013,0.005524154,Low
TN_10_2024-01-19,TN,10,19-01-24,2.710713319,3.871201011,2.253394849,0.412109651,2.042518188,20.60548255,2.602147835,0.005204296,Low
TN_10_2024-01-20,TN,10,20-01-24,3.175132902,4.420646206,3.065258336,0.667829373,2.042518188,33.39146865,3.049407483,0.006098815,Low
TN_10_2024-01-21,TN,10,21-01-24,3.712293811,4.321480135,2.946542029,0.609765572,2.042518188,30.4882786,3.189008457,0.006378017,Low
TN_10_2024-01-22,TN,10,22-01-24,3.395514599,4.194642284,2.876948738,0.587786665,2.042518188,29.38933325,3.033789386,0.006067579,Low
TN_10_2024-01-23,TN,10,23-01-24,3.098288862,4.208417018,2.846652051,0.598836501,2.045108863,29.94182505,2.930153143,0.005860306,Low
TN_10_2024-01-24,TN,10,24-01-24,3.053529372,4.224056169,2.915606229,0.570979547,2.046401688,28.54897735,2.926148465,0.005852297,Low
TN_10_2024-01-25,TN,10,25-01-24,3.0301337,4.257171778,2.926382195,0.604315967,2.046401688,30.21579835,2.931188919,0.005862378,Low
TN_10_2024-01-26,TN,10,26-01-24,3.100092289,4.237000863,2.902519892,0.657520003,2.047692843,32.87600015,2.952566427,0.005905133,Low
TN_10_2024-01-27,TN,10,27-01-24,3.054472769,4.022669526,2.716018371,0.587786665,2.042518188,29.38933325,2.847292001,0.005694584,Low
TN_10_2024-01-28,TN,10,28-01-24,2.899221373,3.978746637,2.448415541,0.476234179,2.033397603,23.81170895,2.729309529,0.005458619,Low
TN_10_2024-01-29,TN,10,29-01-24,3.309082093,4.492001488,3.063390922,0.667829373,2.036011984,33.39146865,3.112872478,0.006225745,Low
TN_10_2024-01-30,TN,10,30-01-24,3.442659171,4.639668226,3.307252935,0.774727168,2.048982334,38.7363584,3.245755774,0.006491512,Low
TN_10_2024-01-31,TN,10,31-01-24,3.602231647,4.748404354,3.296577333,0.774727168,2.039920784,38.7363584,3.325829599,0.006651659,Low
TN_10_2024-02-01,TN,10,01-02-24,3.407510744,4.54127146,3.102791346,0.727548607,2.041220329,36.37743035,3.172303237,0.006344606,Low
TN_10_2024-02-02,TN,10,02-02-24,2.837908188,4.109233175,2.782539053,0.631271777,2.037316615,31.56358885,2.806681687,0.005613363,Low
TN_10_2024-02-03,TN,10,03-02-24,2.806386102,4.091005661,2.716679528,0.559615788,2.041220329,27.9807894,2.774633108,0.005549266,Low
TN_10_2024-02-04,TN,10,04-02-24,3.027230941,3.957378707,2.778197961,0.58221562,2.05284086,29.110781,2.831752891,0.005663506,Low
TN_10_2024-02-05,TN,10,05-02-24,2.98214032,4.54986887,2.865623588,0.593326845,2.045108863,29.66634225,2.977158882,0.005954318,Low
TN_10_2024-02-06,TN,10,06-02-24,3.381674715,4.497139442,2.991724252,0.604315967,2.043814364,30.21579835,3.1236334,0.006247267,Low
TN_10_2024-02-07,TN,10,07-02-24,3.288028684,4.356324137,2.710713319,0.58221562,2.037316615,29.110781,3.010317126,0.006020634,Low
TN_10_2024-02-08,TN,10,08-02-24,3.31090791,4.774997345,3.609024229,0.91027266,2.048982334,45.513633,3.292295355,0.006584591,Low
TN_10_2024-02-09,TN,10,09-02-24,3.122364924,4.526667958,3.135494216,0.667829373,2.037316615,33.39146865,3.067199275,0.006134399,Low
TN_10_2024-02-10,TN,10,10-02-24,3.350254903,4.572026967,2.717340248,0.553885113,2.045108863,27.69425565,3.085351836,0.006170704,Low
TN_10_2024-02-11,TN,10,11-02-24,3.287281858,4.696015869,2.796671393,0.604315967,2.042518188,30.21579835,3.110862651,0.006221725,Low
TN_10_2024-02-12,TN,10,12-02-24,3.231199575,4.855692533,2.901970894,0.615185639,2.034705648,30.75928195,3.14686303,0.006293726,Low
TN_10_2024-02-13,TN,10,13-02-24,2.80578169,4.757633729,2.645465326,0.524728529,2.041220329,26.23642645,2.926907725,0.005853815,Low
TN_10_2024-02-14,TN,10,14-02-24,3.248046202,4.855692533,3.121483479,0.732367894,2.042518188,36.6183947,3.198576343,0.006397153,Low
TN_10_2024-02-15,TN,10,15-02-24,3.127199036,4.855692533,2.925309809,0.647103242,2.041220329,32.3551621,3.118132641,0.006236265,Low
TN_10_2024-02-16,TN,10,16-02-24,3.040705639,4.785990617,2.697326238,0.548121409,2.051556338,27.40607045,3.027889155,0.006055778,Low
TN_10_2024-02-17,TN,10,17-02-24,3.013572192,4.855692533,2.837908188,0.636576829,2.048982334,31.82884145,3.065364662,0.006130729,Low
TN_10_2024-02-18,TN,10,18-02-24,2.957511061,4.855692533,2.719319793,0.625938431,2.045108863,31.29692155,3.026310146,0.00605262,Low
TN_10_2024-02-19,TN,10,19-02-24,2.91939104,4.822376145,2.593013391,0.565313809,2.045108863,28.26569045,2.979630619,0.005959261,Low
TN_10_2024-02-20,TN,10,20-02-24,2.958549482,4.855692533,2.675527009,0.587786665,2.038619547,29.38933325,3.015316102,0.006030632,Low
TN_10_2024-02-21,TN,10,21-02-24,3.149311361,4.855692533,2.788708104,0.620576488,2.037316615,31.0288244,3.102143466,0.006204287,Low
TN_10_2024-02-22,TN,10,22-02-24,2.889260029,4.681668157,2.636912173,0.524728529,2.051556338,26.23642645,2.937401179,0.005874802,Low
TN_10_2024-02-23,TN,10,23-02-24,2.931726944,4.855692533,2.832624936,0.598836501,2.042518188,29.94182505,3.031182682,0.006062365,Low
TN_10_2024-02-24,TN,10,24-02-24,3.017004409,4.855692533,2.809402695,0.593326845,2.038619547,29.66634225,3.056410697,0.006112821,Low
TN_10_2024-02-25,TN,10,25-02-24,2.748552144,4.697931666,2.282382386,0.494696242,2.036011984,24.7348121,2.833704947,0.00566741,Low
TN_10_2024-02-26,TN,10,26-02-24,2.731766728,4.731979033,2.362739016,0.488580015,2.046401688,24.42900075,2.84934222,0.005698684,Low
TN_10_2024-02-27,TN,10,27-02-24,2.901970894,4.855692533,2.519308077,0.530628251,2.042518188,26.53141255,2.966949711,0.005933899,Low
TN_10_2024-02-28,TN,10,28-02-24,2.958030406,4.855692533,2.789937361,0.625938431,2.03077637,31.29692155,3.034934678,0.006069869,Low
TN_10_2024-02-29,TN,10,29-02-24,2.98214032,4.855692533,2.874693945,0.678033543,2.043814364,33.90167715,3.063251846,0.006126504,Low
TN_10_2024-03-01,TN,10,01-03-24,3.261552099,4.855692533,3.326473835,0.78845736,2.038619547,39.422868,3.239076111,0.006478152,Low
TN_10_2024-03-02,TN,10,02-03-24,3.102342009,4.732595474,2.495681723,0.609765572,2.039920784,30.4882786,3.010285505,0.006020571,Low
TN_10_2024-03-03,TN,10,03-03-24,3.551053137,4.855692533,3.476304854,0.91027266,2.036011984,45.513633,3.374666523,0.006749333,Low
TN_10_2024-03-04,TN,10,04-03-24,3.29694736,4.855692533,2.904712875,0.688134639,2.039920784,34.40673195,3.178363222,0.006356726,Low
TN_10_2024-03-05,TN,10,05-03-24,3.206398303,4.855692533,3.060114532,0.727548607,2.037316615,36.37743035,3.173532072,0.006347064,Low
TN_10_2024-03-06,TN,10,06-03-24,2.990719732,4.855692533,2.892037037,0.587786665,2.043814364,29.38933325,3.059831416,0.006119663,Low
TN_10_2024-03-07,TN,10,07-03-24,3.119718253,4.855692533,3.074543454,0.712949808,2.042518188,35.6474904,3.144678749,0.006289357,Low
TN_10_2024-03-08,TN,10,08-03-24,3.198673118,4.855692533,2.990217093,0.693147181,2.041220329,34.65735905,3.157489056,0.006314978,Low
TN_10_2024-03-09,TN,10,09-03-24,3.099641737,4.855692533,2.72850621,0.58221562,2.042518188,29.110781,3.072672963,0.006145346,Low
TN_10_2024-03-10,TN,10,10-03-24,2.928523524,4.801805477,2.484072969,0.488580015,2.047692843,24.42900075,2.954057476,0.005908115,Low
TN_10_2024-03-11,TN,10,11-03-24,3.383372797,4.855692533,2.832624936,0.620576488,2.041220329,31.0288244,3.191238051,0.006382476,Low
TN_10_2024-03-12,TN,10,12-03-24,3.116178427,4.855692533,2.756840365,0.598836501,2.047692843,29.94182505,3.085149214,0.006170298,Low
TN_10_2024-03-13,TN,10,13-03-24,3.356897123,4.855692533,2.95438931,0.698134722,2.039920784,34.9067361,3.207797113,0.006415594,Low
TN_10_2024-03-14,TN,10,14-03-24,3.102342009,4.855692533,2.647592232,0.576613364,2.039920784,28.8306682,3.060531125,0.006121062,Low
TN_10_2024-03-15,TN,10,15-03-24,3.328268202,4.855692533,2.812410216,0.636576829,2.043814364,31.82884145,3.170908374,0.006341817,Low
TN_10_2024-03-16,TN,10,16-03-24,3.0194488,4.687671407,2.506341931,0.536493371,2.042518188,26.82466855,2.964703287,0.005929407,Low
TN_10_2024-03-17,TN,10,17-03-24,3.360128564,4.144856134,3.009145623,0.573096772,2.645342972,28.6548386,3.117741997,0.006235484,Low
TN_10_2024-03-18,TN,10,18-03-24,3.130700134,4.855692533,3.254628995,0.760805829,2.05284086,38.04029145,3.181869241,0.006363738,Low
TN_10_2024-03-19,TN,10,19-03-24,3.228826156,4.800572482,2.880882432,0.636576829,2.045108863,31.82884145,3.132788652,0.006265577,Low
TN_10_2024-03-20,TN,10,20-03-24,3.360128564,4.144856134,3.009145623,0.573096772,2.645342972,28.6548386,3.117741997,0.006235484,Low
TN_10_2024-03-21,TN,10,21-03-24,3.360128564,4.144856134,3.009145623,0.573096772,2.645342972,28.6548386,3.117741997,0.006235484,Low
TN_10_2024-03-22,TN,10,22-03-24,3.360128564,4.144856134,3.009145623,0.573096772,2.645342972,28.6548386,3.117741997,0.006235484,Low
TN_10_2024-03-23,TN,10,23-03-24,3.360128564,4.144856134,3.009145623,0.573096772,2.645342972,28.6548386,3.117741997,0.006235484,Low
TN_10_2024-03-24,TN,10,24-03-24,3.360128564,4.144856134,3.009145623,0.573096772,2.645342972,28.6548386,3.117741997,0.006235484,Low
TN_10_2024-03-25,TN,10,25-03-24,3.360128564,4.144856134,3.009145623,0.573096772,2.645342972,28.6548386,3.117741997,0.006235484,Low
TN_10_2024-03-26,TN,10,26-03-24,3.360128564,4.144856134,3.009145623,0.573096772,2.645342972,28.6548386,3.117741997,0.006235484,Low
TN_10_2024-03-27,TN,10,27-03-24,3.360128564,4.144856134,3.009145623,0.573096772,2.645342972,28.6548386,3.117741997,0.006235484,Low
TN_10_2024-03-28,TN,10,28-03-24,3.360128564,4.144856134,3.009145623,0.573096772,2.645342972,28.6548386,3.117741997,0.006235484,Low
TN_10_2024-03-29,TN,10,29-03-24,3.360128564,4.144856134,3.009145623,0.573096772,2.645342972,28.6548386,3.117741997,0.006235484,Low
TN_10_2024-03-30,TN,10,30-03-24,3.360128564,4.144856134,3.009145623,0.573096772,2.645342972,28.6548386,3.117741997,0.006235484,Low
TN_10_2024-03-31,TN,10,31-03-24,3.360128564,4.144856134,3.009145623,0.573096772,2.645342972,28.6548386,3.117741997,0.006235484,Low
TN_10_2024-04-01,TN,10,01-04-24,3.360128564,4.144856134,3.009145623,0.573096772,2.645342972,28.6548386,3.117741997,0.006235484,Low
TN_10_2024-04-02,TN,10,02-04-24,3.360128564,4.144856134,3.009145623,0.573096772,2.645342972,28.6548386,3.117741997,0.006235484,Low
TN_10_2024-04-03,TN,10,03-04-24,2.927988621,4.826391892,3.212455257,0.841567186,2.059238834,42.0783593,3.106304823,0.00621261,Low
TN_10_2024-04-04,TN,10,04-04-24,3.113515309,4.76148994,2.72719902,0.678033543,2.050270164,33.90167715,3.064526575,0.006129053,Low
TN_10_2024-04-05,TN,10,05-04-24,2.857618971,4.811371017,3.091951131,0.688134639,2.050270164,34.40673195,3.043156052,0.006086312,Low
TN_10_2024-04-06,TN,10,06-04-24,3.17262244,4.855692533,3.22246936,0.746687947,2.039920784,37.33439735,3.188368304,0.006376737,Low
TN_10_2024-04-07,TN,10,07-04-24,2.678278043,4.332179662,2.451866796,0.418710335,2.043814364,20.93551675,2.736665438,0.005473331,Low
TN_10_2024-04-08,TN,10,08-04-24,3.757705645,4.79015486,3.077312261,0.683096845,2.036011984,34.15484225,3.348044012,0.006696088,Low
TN_10_2024-04-09,TN,10,09-04-24,2.760642651,4.574298522,2.658859957,0.470003629,2.047692843,23.50018145,2.862782841,0.005725566,Low
TN_10_2024-04-10,TN,10,10-04-24,3.246490992,4.855692533,2.705379973,0.570979547,2.046401688,28.54897735,3.120060184,0.00624012,Low
TN_10_2024-04-11,TN,10,11-04-24,2.814809738,4.691347882,2.7047113,0.542324291,2.046401688,27.11621455,2.924919756,0.00584984,Low
TN_10_2024-04-12,TN,10,12-04-24,2.744703519,4.855692533,2.540025949,0.506817602,2.048982334,25.3408801,2.913602368,0.005827205,Low
TN_10_2024-04-13,TN,10,13-04-24,2.308567165,4.393461012,2.410542234,0.412109651,2.045108863,20.60548255,2.61592239,0.005231845,Low
TN_10_2024-04-14,TN,10,14-04-24,3.104138147,4.832066686,2.703372612,0.570979547,2.054123734,28.54897735,3.06518743,0.006130375,Low
TN_10_2024-04-15,TN,10,15-04-24,2.660259537,4.604970166,2.524928324,0.482426149,2.05796251,24.12130745,2.818009619,0.005636019,Low
TN_10_2024-04-16,TN,10,16-04-24,2.589266665,4.587006215,2.666533521,0.548121409,2.036011984,27.40607045,2.813188853,0.005626378,Low
TN_10_2024-04-17,TN,10,17-04-24,2.913979772,4.855692533,2.898670561,0.576613364,2.05284086,28.8306682,3.034204103,0.006068408,Low
TN_10_2024-04-18,TN,10,18-04-24,2.563409711,4.058890081,2.2300144,0.405465108,2.038619547,20.2732554,2.592757522,0.005185515,Low
TN_10_2024-04-19,TN,10,19-04-24,3.360128564,4.144856134,3.009145623,0.573096772,2.645342972,28.6548386,3.117741997,0.006235484,Low
TN_10_2024-04-20,TN,10,20-04-24,2.883123329,4.432244351,2.610804817,0.536493371,2.042518188,26.82466855,2.868802041,0.005737604,Low
TN_10_2024-04-21,TN,10,21-04-24,2.666533521,4.177459469,2.52332576,0.518793793,2.037316615,25.93968965,2.713627335,0.005427255,Low
TN_10_2024-04-22,TN,10,22-04-24,2.506341931,4.142658423,2.49732917,0.500775288,2.039920784,25.0387644,2.643549304,0.005287099,Low
TN_10_2024-04-23,TN,10,23-04-24,2.721953106,4.352340324,2.740194654,0.559615788,2.047692843,27.9807894,2.814913371,0.005629827,Low
TN_10_2024-04-24,TN,10,24-04-24,2.809402695,4.427477898,2.574899688,0.524728529,2.043814364,26.23642645,2.835440378,0.005670881,Low
TN_10_2024-04-25,TN,10,25-04-24,2.850706502,4.530123312,2.741484977,0.518793793,2.047692843,25.93968965,2.900534156,0.005801068,Low
TN_10_2024-04-26,TN,10,26-04-24,3.134624272,4.814458191,3.153590358,0.662687973,2.054123734,33.13439865,3.148158954,0.006296318,Low
TN_10_2024-04-27,TN,10,27-04-24,2.659559992,4.189048498,2.109000344,0.371563556,2.043814364,18.5781778,2.638186684,0.005276373,Low
TN_10_2024-04-28,TN,10,28-04-24,3.360128564,4.144856134,3.009145623,0.573096772,2.645342972,28.6548386,3.117741997,0.006235484,Low
TN_10_2024-04-29,TN,10,29-04-24,2.746629683,4.392719264,3.290638191,0.760805829,2.039920784,38.04029145,2.935164634,0.005870329,Low
TN_10_2024-04-30,TN,10,30-04-24,2.583242551,4.121148765,2.119863456,0.488580015,2.041220329,24.42900075,2.607442653,0.005214885,Low
TN_10_2024-05-01,TN,10,01-05-24,2.59450816,4.356324137,2.273156282,0.488580015,2.041220329,24.42900075,2.693173383,0.005386347,Low
TN_10_2024-05-02,TN,10,02-05-24,2.503073954,4.087487775,1.690095815,0.378436436,2.043814364,18.9218218,2.495877998,0.004991756,Low
TN_10_2024-05-03,TN,10,03-05-24,2.700689847,4.404643925,2.549445171,0.500775288,2.037316615,25.0387644,2.784494224,0.005568988,Low
TN_10_2024-05-04,TN,10,04-05-24,2.613006652,4.223030903,2.413231613,0.488580015,2.042518188,24.42900075,2.687530526,0.005375061,Low
TN_10_2024-05-05,TN,10,05-05-24,2.309560707,3.88567903,1.706564623,0.364643114,2.024193067,18.2321557,2.37584397,0.004751688,Low
TN_10_2024-05-06,TN,10,06-05-24,2.411439498,4.352726549,2.660958594,0.548121409,2.051556338,27.40607045,2.693874842,0.00538775,Low
TN_10_2024-05-07,TN,10,07-05-24,2.59076704,4.237867539,2.691920819,0.559615788,2.038619547,27.9807894,2.731777982,0.005463556,Low
TN_10_2024-05-08,TN,10,08-05-24,2.964757469,4.356067596,2.68716699,0.609765572,2.039920784,30.4882786,2.896721736,0.005793443,Low
TN_10_2024-05-09,TN,10,09-05-24,2.774461967,4.282620578,2.631169157,0.593326845,2.043814364,29.66634225,2.802297046,0.005604594,Low
TN_10_2024-05-10,TN,10,10-05-24,2.552565298,3.924149185,2.587011873,0.536493371,2.046401688,26.82466855,2.623096522,0.005246193,Low
TN_10_2024-05-11,TN,10,11-05-24,2.302585093,3.871617591,2.541601993,0.506817602,2.038619547,25.3408801,2.511524171,0.005023048,Low
TN_10_2024-05-12,TN,10,12-05-24,2.452727751,3.897518319,2.457877977,0.518793793,2.039920784,25.93968965,2.559383486,0.005118767,Low
TN_10_2024-05-13,TN,10,13-05-24,2.355177543,3.928093186,2.620311287,0.570979547,2.042518188,28.54897735,2.562857813,0.005125716,Low
TN_10_2024-05-14,TN,10,14-05-24,2.490723035,4.024815833,2.623218266,0.530628251,2.045108863,26.53141255,2.631268915,0.005262538,Low
TN_10_2024-05-15,TN,10,15-05-24,2.667228207,4.090169191,2.723267167,0.593326845,2.034705648,29.66634225,2.729100777,0.005458202,Low
TN_10_2024-05-16,TN,10,16-05-24,2.837908188,4.304470416,3.186765771,0.667829373,2.043814364,33.39146865,2.920755427,0.005841511,Low
TN_10_2024-05-17,TN,10,17-05-24,3.112626025,4.416065677,2.543961413,0.631271777,2.039920784,31.56358885,2.944145035,0.00588829,Low
TN_10_2024-05-18,TN,10,18-05-24,3.360128564,4.144856134,3.009145623,0.573096772,2.645342972,28.6548386,3.117741997,0.006235484,Low
TN_10_2024-05-19,TN,10,19-05-24,3.360128564,4.144856134,3.009145623,0.573096772,2.645342972,28.6548386,3.117741997,0.006235484,Low
TN_10_2024-05-20,TN,10,20-05-24,3.360128564,4.144856134,3.009145623,0.573096772,2.645342972,28.6548386,3.117741997,0.006235484,Low
TN_10_2024-05-21,TN,10,21-05-24,1.982379829,3.57627051,2.496505786,0.647103242,2.036011984,32.3551621,2.332488557,0.004664977,Low
TN_10_2024-05-22,TN,10,22-05-24,2.193885676,3.803100598,2.548663616,0.559615788,2.042518188,27.9807894,2.463273986,0.004926548,Low
TN_10_2024-05-23,TN,10,23-05-24,2.349468679,3.771150447,2.296567021,0.524728529,2.045108863,26.23642645,2.468825885,0.004937652,Low
TN_10_2024-05-24,TN,10,24-05-24,1.971299383,3.883417748,2.430098413,0.457424847,2.037316615,22.87124235,2.37666396,0.004753328,Low
TN_10_2024-05-25,TN,10,25-05-24,2.135349174,4.024815833,2.386006701,0.371563556,2.042518188,18.5781778,2.455011258,0.004910023,Low
TN_10_2024-05-26,TN,10,26-05-24,1.91839212,3.830596007,1.899117988,0.336472237,2.036011984,16.82361185,2.253002963,0.004506006,Low
TN_10_2024-05-27,TN,10,27-05-24,2.22678338,4.040064355,2.016235466,0.371563556,2.045108863,18.5781778,2.435748277,0.004871497,Low
TN_10_2024-05-28,TN,10,28-05-24,2.045108863,4.025530246,2.05796251,0.39877612,2.036011984,19.938806,2.37614445,0.004752289,Low
TN_10_2024-05-29,TN,10,29-05-24,1.605429891,3.777576909,2.085672091,0.412109651,2.05284086,20.60548255,2.168282597,0.004336565,Low
TN_10_2024-05-30,TN,10,30-05-24,1.439835128,3.461978854,1.927164106,0.343589704,2.045108863,17.1794852,1.999636924,0.003999274,Low
TN_10_2024-05-31,TN,10,31-05-24,2.021547563,4.052132713,2.163323026,0.371563556,2.043814364,18.5781778,2.388801789,0.004777604,Low
TN_10_2024-06-01,TN,10,01-06-24,1.996059933,3.957951937,2.172476408,0.371563556,2.042518188,18.5781778,2.357514506,0.004715029,Low
TN_10_2024-06-02,TN,10,02-06-24,1.915450942,3.75793899,2.041220329,0.418710335,2.046401688,20.93551675,2.264906913,0.004529814,Low
TN_10_2024-06-03,TN,10,03-06-24,1.990610328,3.78328013,2.33117255,0.444685821,2.039920784,22.23429105,2.34266623,0.004685332,Low
TN_10_2024-06-04,TN,10,04-06-24,2.018895042,3.854182006,2.154085085,0.39877612,2.037316615,19.938806,2.338746633,0.004677493,Low
TN_10_2024-06-05,TN,10,05-06-24,1.619388243,3.775515761,2.004179057,0.385262401,2.051556338,19.26312005,2.157551375,0.004315103,Low
TN_10_2024-06-06,TN,10,06-06-24,1.738710248,3.753261713,2.05796251,0.494696242,2.039920784,24.7348121,2.211016133,0.004422032,Low
TN_10_2024-06-07,TN,10,07-06-24,1.029619417,3.228430038,2.061786606,0.385262401,2.043814364,19.26312005,1.821840691,0.003643681,Low
TN_10_2024-06-08,TN,10,08-06-24,1.026041596,3.354455119,1.880990603,0.350656872,2.041220329,17.5328436,1.821125665,0.003642251,Low
TN_10_2024-06-09,TN,10,09-06-24,1.345472367,2.989714201,1.81319475,0.343589704,2.038619547,17.1794852,1.830474994,0.00366095,Low
TN_10_2024-06-10,TN,10,10-06-24,3.070375817,3.914021008,2.144761008,0.364643114,2.046401688,18.2321557,2.718275504,0.005436551,Low
TN_10_2024-06-11,TN,10,11-06-24,1.134622726,3.335769576,1.857859271,0.343589704,2.038619547,17.1794852,1.849891141,0.003699782,Low
TN_10_2024-06-12,TN,10,12-06-24,1.418277407,3.202339856,1.821318271,0.385262401,2.047692843,19.26312005,1.915859964,0.00383172,Low
TN_10_2024-06-13,TN,10,13-06-24,1.589235205,3.648317842,2.032087845,0.494696242,2.037316615,24.7348121,2.128192075,0.004256384,Low
TN_10_2024-06-14,TN,10,14-06-24,2.046401688,3.820784525,2.283402274,0.444685821,2.050270164,22.23429105,2.36595617,0.004731912,Low
TN_10_2024-06-15,TN,10,15-06-24,1.806648082,3.5094537,1.846878768,0.364643114,2.043814364,18.2321557,2.129758535,0.004259517,Low
TN_10_2024-06-16,TN,10,16-06-24,1.376244025,3.235536266,1.806648082,0.371563556,2.045108863,18.5781778,1.905489373,0.003810979,Low
TN_10_2024-06-17,TN,10,17-06-24,1.691939134,3.60386608,2.061786606,0.385262401,2.038619547,19.26312005,2.14673238,0.004293465,Low
TN_10_2024-06-18,TN,10,18-06-24,1.519513205,3.568687269,1.986503546,0.412109651,2.05284086,20.60548255,2.071114065,0.004142228,Low
TN_10_2024-06-19,TN,10,19-06-24,1.611435915,3.293612171,1.964311234,0.412109651,2.046401688,20.60548255,2.030223516,0.004060447,Low
TN_10_2024-06-20,TN,10,20-06-24,1.472472057,3.308350831,2.033397603,0.431782416,2.054123734,21.5891208,1.99875937,0.003997519,Low
TN_10_2024-06-21,TN,10,21-06-24,1.678963975,3.668931816,2.061786606,0.412109651,2.038619547,20.60548255,2.161142233,0.004322284,Low
TN_10_2024-06-22,TN,10,22-06-24,1.244154594,1.916922612,1.821318271,0.385262401,2.026831591,19.26312005,1.53043348,0.003060867,Low
TN_10_2024-06-23,TN,10,23-06-24,1.088561953,3.454726915,1.803358605,0.364643114,2.041220329,18.2321557,1.857829564,0.003715659,Low
TN_10_2024-06-24,TN,10,24-06-24,1.506297154,4.078553876,2.179286877,0.457424847,2.045108863,22.87124235,2.226244319,0.004452489,Low
TN_10_2024-06-25,TN,10,25-06-24,1.269760545,3.7208625,1.818076778,0.412109651,2.036011984,20.60548255,1.993956095,0.003987912,Low
TN_10_2024-06-26,TN,10,26-06-24,1.238374231,3.358289881,1.719188776,0.385262401,2.036011984,19.26312005,1.874809805,0.00374962,Low
TN_10_2024-06-27,TN,10,27-06-24,1.435084525,3.923358515,2.032087845,0.39877612,2.041220329,19.938806,2.133993051,0.004267986,Low
TN_10_2024-06-28,TN,10,28-06-24,1.181727195,3.817052768,1.871802177,0.371563556,2.042518188,18.5781778,1.992172121,0.003984344,Low
TN_10_2024-06-29,TN,10,29-06-24,1.121677562,3.5720647,1.623340818,0.343589704,2.043814364,17.1794852,1.870035569,0.003740071,Low
TN_10_2024-06-30,TN,10,30-06-24,1.068153081,3.518091133,1.691939134,0.412109651,2.050270164,20.60548255,1.855918721,0.003711837,Low
TN_10_2024-07-01,TN,10,01-07-24,2.703372612,3.859044081,1.924248652,0.463734016,2.050270164,23.1867008,2.553492658,0.005106985,Low
TN_10_2024-07-02,TN,10,02-07-24,1.444563269,3.890595058,1.927164106,0.425267735,2.039920784,21.26338675,2.115835416,0.004231671,Low
TN_10_2024-07-03,TN,10,03-07-24,3.184698373,4.287990643,2.197224577,0.488580015,2.051556338,24.42900075,2.87281723,0.005745634,Low
TN_10_2024-07-04,TN,10,04-07-24,1.717395054,4.045329373,2.115049969,0.506817602,2.050270164,25.3408801,2.287900392,0.004575801,Low
TN_10_2024-07-05,TN,10,05-07-24,1.738710248,4.587413464,2.140066163,0.457424847,2.050270164,22.87124235,2.429694887,0.00485939,Low
TN_10_2024-07-06,TN,10,06-07-24,0.963174318,3.360375387,1.688249093,0.378436436,2.05284086,18.9218218,1.776211995,0.003552424,Low
TN_10_2024-07-07,TN,10,07-07-24,1.337629189,3.629660094,1.876406943,0.425267735,2.050270164,21.26338675,2.007113579,0.004014227,Low
TN_10_2024-07-08,TN,10,08-07-24,1.232560261,3.490733347,1.808288771,0.405465108,2.041220329,20.2732554,1.922052304,0.003844105,Low
TN_10_2024-07-09,TN,10,09-07-24,2.766947842,4.369574427,2.218115936,0.451075619,2.055404964,22.55378095,2.746961048,0.005493922,Low
TN_10_2024-07-10,TN,10,10-07-24,1.1442228,3.004196352,1.327075001,0.329303747,2.045108863,16.46518735,1.690285022,0.00338057,Low
TN_10_2024-07-11,TN,10,11-07-24,3.360128564,4.144856134,3.009145623,0.573096772,2.645342972,28.6548386,3.117741997,0.006235484,Low
TN_10_2024-07-12,TN,10,12-07-24,3.360128564,4.144856134,3.009145623,0.573096772,2.645342972,28.6548386,3.117741997,0.006235484,Low
TN_10_2024-07-13,TN,10,13-07-24,1.743968805,3.895690351,2.014903021,0.444685821,2.037316615,22.23429105,2.236613197,0.004473226,Low
TN_10_2024-07-14,TN,10,14-07-24,1.272565596,3.39785848,1.650579856,0.412109651,2.046401688,20.60548255,1.890620775,0.003781242,Low
TN_10_2024-07-15,TN,10,15-07-24,2.714032273,3.674019591,1.814824742,0.463734016,2.048982334,23.1867008,2.494360656,0.004988721,Low
TN_10_2024-07-16,TN,10,16-07-24,2.187174241,3.636005965,1.743968805,0.470003629,2.046401688,23.50018145,2.290068412,0.004580137,Low
TN_10_2024-07-17,TN,10,17-07-24,1.25846099,3.607940512,1.722766598,0.371563556,2.038619547,18.5781778,1.943810752,0.003887622,Low
TN_10_2024-07-18,TN,10,18-07-24,1.033184483,3.263849191,1.671473303,0.343589704,2.036011984,17.1794852,1.76805863,0.003536117,Low
TN_10_2024-07-19,TN,10,19-07-24,1.597365331,4.223177434,1.986503546,0.418710335,2.043814364,20.93551675,2.261290944,0.004522582,Low
TN_10_2024-07-20,TN,10,20-07-24,3.360128564,4.144856134,3.009145623,0.573096772,2.645342972,28.6548386,3.117741997,0.006235484,Low
TN_10_2024-07-21,TN,10,21-07-24,3.360128564,4.144856134,3.009145623,0.573096772,2.645342972,28.6548386,3.117741997,0.006235484,Low
TN_10_2024-07-22,TN,10,22-07-24,3.170525564,4.218477763,2.355177543,0.631271777,2.028148247,31.56358885,2.884929434,0.005769859,Low
TN_10_2024-07-23,TN,10,23-07-24,2.928523524,3.736001561,2.13771045,0.506817602,2.038619547,25.3408801,2.636114883,0.00527223,Low
TN_10_2024-07-24,TN,10,24-07-24,1.463255402,4.166199999,2.107786015,0.518793793,2.039920784,25.93968965,2.22772479,0.00445545,Low
TN_10_2024-07-25,TN,10,25-07-24,1.294727168,3.393837027,1.93441577,0.357674444,2.037316615,17.8837222,1.933141068,0.003866282,Low
TN_10_2024-07-26,TN,10,26-07-24,1.45395301,3.687628672,1.928618652,0.31481074,2.038619547,15.740537,2.057357525,0.004114715,Low
TN_10_2024-07-27,TN,10,27-07-24,1.644805056,3.818810624,2.073171929,0.357674444,2.042518188,17.8837222,2.183505388,0.004367011,Low
TN_10_2024-07-28,TN,10,28-07-24,1.134622726,3.618725194,1.771556762,0.329303747,2.046401688,16.46518735,1.907423395,0.003814847,Low
TN_10_2024-07-29,TN,10,29-07-24,1.340250423,3.715521385,1.686398954,0.31481074,2.042518188,15.740537,1.98878664,0.003977573,Low
TN_10_2024-07-30,TN,10,30-07-24,1.327075001,3.39785848,1.806648082,0.336472237,2.046401688,16.82361185,1.92554556,0.003851091,Low
TN_10_2024-07-31,TN,10,31-07-24,2.834389123,3.761432647,1.964311234,0.431782416,2.047692843,21.5891208,2.577373208,0.005154746,Low
TN_10_2024-08-01,TN,10,01-08-24,1.78339122,3.820784525,2.017566138,0.476234179,2.036011984,23.81170895,2.235043194,0.004470086,Low
TN_10_2024-08-02,TN,10,02-08-24,1.717395054,4.013676659,2.105352923,0.470003629,2.047692843,23.50018145,2.274464661,0.004548929,Low
TN_10_2024-08-03,TN,10,03-08-24,1.435084525,3.562465529,1.95586048,0.444685821,2.039920784,22.23429105,2.036731738,0.004073463,Low
TN_10_2024-08-04,TN,10,04-08-24,1.247032294,3.415100287,1.829376333,0.451075619,2.046401688,22.55378095,1.91671064,0.003833421,Low
TN_10_2024-08-05,TN,10,05-08-24,1.316408234,3.600594539,1.961502244,0.470003629,2.041220329,23.50018145,2.008300266,0.004016601,Low
TN_10_2024-08-06,TN,10,06-08-24,3.360128564,4.144856134,3.009145623,0.573096772,2.645342972,28.6548386,3.117741997,0.006235484,Low
TN_10_2024-08-07,TN,10,07-08-24,3.360128564,4.144856134,3.009145623,0.573096772,2.645342972,28.6548386,3.117741997,0.006235484,Low
TN_10_2024-08-08,TN,10,08-08-24,1.919859472,4.133725519,2.426571073,0.636576829,2.034705648,31.82884145,2.438231386,0.004876463,Low
TN_10_2024-08-09,TN,10,09-08-24,2.100468909,4.239598642,2.192770227,0.500775288,2.042518188,25.0387644,2.48043457,0.004960869,Low
TN_10_2024-08-10,TN,10,10-08-24,1.678963975,3.80488313,2.055404964,0.476234179,2.039920784,23.81170895,2.200780454,0.004401561,Low
TN_10_2024-08-11,TN,10,11-08-24,1.261297871,3.177637077,1.472472057,0.39877612,2.03077637,19.938806,1.8012284,0.003602457,Low
TN_10_2024-08-12,TN,10,12-08-24,2.134166441,4.047252955,2.531313023,0.548121409,2.03077637,27.40607045,2.497897043,0.004995794,Low
TN_10_2024-08-13,TN,10,13-08-24,2.593013391,4.174541104,2.48490665,0.593326845,2.036011984,29.66634225,2.688660442,0.005377321,Low
TN_10_2024-08-14,TN,10,14-08-24,2.483238593,4.106108429,2.440606391,0.576613364,2.032087845,28.8306682,2.624226087,0.005248452,Low
TN_10_2024-08-15,TN,10,15-08-24,2.055404964,3.808882247,2.352327185,0.576613364,2.034705648,28.8306682,2.387328561,0.004774657,Low
TN_10_2024-08-16,TN,10,16-08-24,1.759580571,3.75044481,2.340843805,0.565313809,2.036011984,28.26569045,2.266524152,0.004533048,Low
TN_10_2024-08-17,TN,10,17-08-24,3.360128564,4.144856134,3.009145623,0.573096772,2.645342972,28.6548386,3.117741997,0.006235484,Low
TN_10_2024-08-18,TN,10,18-08-24,3.360128564,4.144856134,3.009145623,0.573096772,2.645342972,28.6548386,3.117741997,0.006235484,Low
TN_10_2024-08-19,TN,10,19-08-24,1.663926098,4.036008985,2.528125769,0.570979547,2.047692843,28.54897735,2.334847127,0.004669694,Low
TN_10_2024-08-20,TN,10,20-08-24,2.570319528,4.150409786,2.605648267,0.850150929,2.037316615,42.50754645,2.718674107,0.005437348,Low
TN_10_2024-08-21,TN,10,21-08-24,2.271094426,4.031049712,2.225704049,0.553885113,2.039920784,27.69425565,2.497877713,0.004995755,Low
TN_10_2024-08-22,TN,10,22-08-24,0.737164066,2.867898902,1.470175845,0.364643114,2.046401688,18.2321557,1.53893309,0.003077866,Low
TN_10_2024-08-23,TN,10,23-08-24,1.663926098,4.077706921,2.335052283,0.524728529,2.054123734,26.23642645,2.31265012,0.0046253,Low
TN_10_2024-08-24,TN,10,24-08-24,1.196948189,3.793014219,1.752672081,0.444685821,2.050270164,22.23429105,1.98209534,0.003964191,Low
TN_10_2024-08-25,TN,10,25-08-24,1.150572028,3.271468275,1.486139696,0.412109651,2.028148247,20.60548255,1.788921435,0.003577843,Low
TN_10_2024-08-26,TN,10,26-08-24,1.280933845,4.009875406,2.075684493,0.506817602,2.045108863,25.3408801,2.119596461,0.004239193,Low
TN_10_2024-08-27,TN,10,27-08-24,1.376244025,3.994340048,2.018895042,0.652325186,2.047692843,32.6162593,2.155491122,0.004310982,Low
TN_10_2024-08-28,TN,10,28-08-24,1.45395301,3.767921661,1.971299383,0.58221562,2.043814364,29.110781,2.111352593,0.004222705,Low
TN_10_2024-08-29,TN,10,29-08-24,1.467874348,3.91621421,1.919859472,0.476234179,2.05284086,23.81170895,2.136338042,0.004272676,Low
TN_10_2024-08-30,TN,10,30-08-24,1.202972304,3.704752803,1.958685341,0.494696242,2.036011984,24.7348121,1.99590273,0.003991805,Low
TN_10_2024-08-31,TN,10,31-08-24,1.640936579,3.885884348,2.208274414,0.524728529,2.045108863,26.23642645,2.236279234,0.004472558,Low
TN_10_2024-09-01,TN,10,01-09-24,1.05431203,3.182626692,1.763017,0.463734016,2.045108863,23.1867008,1.782258165,0.003564516,Low
TN_10_2024-09-02,TN,10,02-09-24,1.050821625,3.769537357,1.846878768,0.463734016,2.042518188,23.1867008,1.939954853,0.00387991,Low
TN_10_2024-09-03,TN,10,03-09-24,1.769854634,4.120012309,2.042518188,0.506817602,2.051556338,25.3408801,2.314245138,0.00462849,Low
TN_10_2024-09-04,TN,10,04-09-24,1.53686722,3.225255432,1.510721939,0.412109651,2.046401688,20.60548255,1.918996894,0.003837994,Low
TN_10_2024-09-05,TN,10,05-09-24,1.749199855,4.140273494,2.171336806,0.524728529,2.029463172,26.23642645,2.329881172,0.004659762,Low
TN_10_2024-09-06,TN,10,06-09-24,2.150598736,3.898735111,2.075684493,0.494696242,2.042518188,24.7348121,2.394593362,0.004789187,Low
TN_10_2024-09-07,TN,10,07-09-24,1.625311262,3.845241972,1.89009537,0.463734016,2.037316615,23.1867008,2.165654634,0.004331309,Low
TN_10_2024-09-08,TN,10,08-09-24,1.415853163,3.632309103,1.693779061,0.470003629,2.041220329,23.50018145,2.010876154,0.004021752,Low
TN_10_2024-09-09,TN,10,09-09-24,1.413423029,3.834925955,1.81319475,0.476234179,2.05284086,23.81170895,2.080958308,0.004161917,Low
TN_10_2024-09-10,TN,10,10-09-24,1.704748092,4.175770928,1.766441661,0.438254931,2.047692843,21.91274655,2.256550233,0.0045131,Low
TN_10_2024-09-11,TN,10,11-09-24,1.675225653,3.772760938,1.877937165,0.425267735,2.043814364,21.26338675,2.160308716,0.004320617,Low
TN_10_2024-09-12,TN,10,12-09-24,1.597365331,3.875981234,2.00148,0.463734016,2.041220329,23.1867008,2.180851625,0.004361703,Low
TN_10_2024-09-13,TN,10,13-09-24,2.034705648,4.27290907,2.277267285,0.506817602,2.048982334,25.3408801,2.479993447,0.004959987,Low
TN_10_2024-09-14,TN,10,14-09-24,1.467874348,3.884240624,2.30058309,0.536493371,2.037316615,26.82466855,2.189150471,0.004378301,Low
TN_10_2024-09-15,TN,10,15-09-24,1.047318994,3.556775613,1.954445052,0.488580015,2.051556338,24.42900075,1.905513761,0.003811028,Low
TN_10_2024-09-16,TN,10,16-09-24,1.654411278,3.870784257,2.05284086,0.506817602,2.032087845,25.3408801,2.210161077,0.004420322,Low
TN_10_2024-09-17,TN,10,17-09-24,1.663926098,3.817052768,1.932969638,0.482426149,2.034705648,24.12130745,2.180031234,0.004360062,Low
TN_10_2024-09-18,TN,10,18-09-24,2.083184528,4.496470769,2.440606391,0.548121409,2.03077637,27.40607045,2.578751832,0.005157504,Low
TN_10_2024-09-19,TN,10,19-09-24,1.479329227,3.50013733,1.519513205,0.451075619,2.03077637,22.55378095,1.97045056,0.003940901,Low
TN_10_2024-09-20,TN,10,20-09-24,1.824549292,4.338074747,2.346601978,0.662687973,2.05796251,33.13439865,2.450064409,0.004900129,Low
TN_10_2024-09-21,TN,10,21-09-24,1.631199404,3.988057692,2.149433913,0.662687973,2.048982334,33.13439865,2.263965449,0.004527931,Low
TN_10_2024-09-22,TN,10,22-09-24,1.558144618,3.80999028,1.916922612,0.559615788,2.036011984,27.9807894,2.146749954,0.0042935,Low
TN_10_2024-09-23,TN,10,23-09-24,1.269760545,3.988984047,1.989243274,0.518793793,2.045108863,25.93968965,2.098694402,0.004197389,Low
TN_10_2024-09-24,TN,10,24-09-24,1.166270937,3.849721979,1.958685341,0.518793793,2.043814364,25.93968965,2.022879658,0.004045759,Low
TN_10_2024-09-25,TN,10,25-09-24,1.313723668,3.898532415,2.042518188,0.470003629,2.037316615,23.50018145,2.093411971,0.004186824,Low
TN_10_2024-09-26,TN,10,26-09-24,1.393766376,3.771150447,2.0255132,0.518793793,2.033397603,25.93968965,2.091321843,0.004182644,Low
TN_10_2024-09-27,TN,10,27-09-24,1.560247668,3.933588783,2.201659174,0.598836501,2.051556338,29.94182505,2.227349856,0.0044547,Low
TN_10_2024-09-28,TN,10,28-09-24,2.293544348,4.093677673,2.514465452,0.587786665,2.05284086,29.38933325,2.570034553,0.005140069,Low
TN_10_2024-09-29,TN,10,29-09-24,1.733423892,3.75114978,2.372111156,0.570979547,2.042518188,28.54897735,2.263778164,0.004527556,Low
TN_10_2024-09-30,TN,10,30-09-24,1.667706821,3.944683788,2.477378383,0.587786665,2.048982334,29.38933325,2.307601108,0.004615202,Low
TN_10_2024-10-01,TN,10,01-10-24,2.090628731,4.053348942,2.555675721,0.620576488,2.041220329,31.0288244,2.496649348,0.004993299,Low
TN_10_2024-10-02,TN,10,02-10-24,2.471483629,4.188896879,2.532902848,0.641853886,2.036011984,32.0926943,2.661766103,0.005323532,Low
TN_10_2024-10-03,TN,10,03-10-24,1.798404012,3.790984677,2.317473705,0.476234179,2.046401688,23.81170895,2.2793923,0.004558785,Low
TN_10_2024-10-04,TN,10,04-10-24,1.60341984,3.70105503,2.301584593,0.500775288,2.032087845,25.0387644,2.186589096,0.004373178,Low
TN_10_2024-10-05,TN,10,05-10-24,2.017566138,4.216562195,2.518502599,0.593326845,2.042518188,29.66634225,2.5037745,0.005007549,Low
TN_10_2024-10-06,TN,10,06-10-24,2.454447442,4.041471073,2.512035317,0.657520003,2.045108863,32.87600015,2.618748,0.005237496,Low
TN_10_2024-10-07,TN,10,07-10-24,2.32630162,3.965374181,2.473171394,0.620576488,2.039920784,31.0288244,2.544570588,0.005089141,Low
TN_10_2024-10-08,TN,10,08-10-24,2.563409711,4.16960663,2.551786179,0.678033543,2.045108863,33.90167715,2.696932667,0.005393865,Low
TN_10_2024-10-09,TN,10,09-10-24,2.008214032,3.940610462,2.262804223,0.620576488,2.043814364,31.0288244,2.396077964,0.004792156,Low
TN_10_2024-10-10,TN,10,10-10-24,1.731655545,3.915616541,2.42568729,0.741937345,2.043814364,37.09686725,2.329602559,0.004659205,Low
TN_10_2024-10-11,TN,10,11-10-24,2.720637317,4.269277781,2.535282857,0.78845736,2.045108863,39.422868,2.785447,0.005570894,Low
TN_10_2024-10-12,TN,10,12-10-24,1.613429934,3.60875341,2.232162629,0.625938431,2.041220329,31.29692155,2.170490116,0.00434098,Low
TN_10_2024-10-13,TN,10,13-10-24,1.368639426,3.423610976,2.143589362,0.518793793,2.033397603,25.93968965,2.013353967,0.004026708,Low
TN_10_2024-10-14,TN,10,14-10-24,1.877937165,3.675034047,2.361796953,0.570979547,2.051556338,28.54897735,2.295137468,0.004590275,Low
TN_10_2024-10-15,TN,10,15-10-24,2.424802726,3.961574784,2.531313023,0.620576488,2.047692843,31.0288244,2.587983179,0.005175966,Low
TN_10_2024-10-16,TN,10,16-10-24,1.147402453,3.899950424,2.403334996,0.593326845,2.046401688,29.66634225,2.103371652,0.004206743,Low
TN_10_2024-10-17,TN,10,17-10-24,1.137833002,3.545586284,2.179286877,0.625938431,2.043814364,31.29692155,1.980697151,0.003961394,Low
TN_10_2024-10-18,TN,10,18-10-24,1.771556762,3.853758097,2.343727036,0.559615788,2.037316615,27.9807894,2.296602517,0.004593205,Low
TN_10_2024-10-19,TN,10,19-10-24,2.575661013,3.951820475,2.318458442,0.553885113,2.03077637,27.69425565,2.597210206,0.00519442,Low
TN_10_2024-10-20,TN,10,20-10-24,1.526056303,3.693369359,2.262804223,0.678033543,2.041220329,33.90167715,2.170869083,0.004341738,Low
TN_10_2024-10-21,TN,10,21-10-24,3.293662126,2.60046499,2.700018029,0.609765572,2.033397603,30.4882786,2.573886894,0.005147774,Low
TN_10_2024-10-22,TN,10,22-10-24,2.503073954,4.207077832,2.653945942,0.688134639,2.046401688,34.40673195,2.70171095,0.005403422,Low
TN_10_2024-10-23,TN,10,23-10-24,2.583242551,4.431054866,2.923699071,0.75612198,2.033397603,37.806099,2.831075308,0.005662151,Low
TN_10_2024-10-24,TN,10,24-10-24,2.657458415,4.441827388,2.650421088,0.712949808,2.050270164,35.6474904,2.816965961,0.005633932,Low
TN_10_2024-10-25,TN,10,25-10-24,2.378619779,4.034594558,2.616665639,0.806475866,2.041220329,40.3237933,2.620496044,0.005240992,Low
TN_10_2024-10-26,TN,10,26-10-24,2.721295428,4.351825126,2.624668592,0.741937345,2.041220329,37.09686725,2.814486754,0.005628974,Low
TN_10_2024-10-27,TN,10,27-10-24,2.533696814,4.082440658,2.345644582,0.604315967,2.041220329,30.21579835,2.625865383,0.005251731,Low
TN_10_2024-10-28,TN,10,28-10-24,2.730463796,4.3031187,2.597491011,0.641853886,2.048982334,32.0926943,2.792598394,0.005585197,Low
TN_10_2024-10-29,TN,10,29-10-24,2.980110893,4.460144414,2.566486637,0.647103242,2.05284086,32.3551621,2.915684365,0.005831369,Low
TN_10_2024-10-30,TN,10,30-10-24,3.208017082,4.387635873,2.524928324,0.667829373,2.038619547,33.39146865,2.971030065,0.00594206,Low
TN_10_2024-10-31,TN,10,31-10-24,3.539799231,4.641598543,2.240709689,0.631271777,2.05284086,31.56358885,3.106489127,0.006212978,Low
TN_10_2024-11-01,TN,10,01-11-24,2.450142657,3.525183361,1.887069649,0.530628251,2.047692843,26.53141255,2.382122969,0.004764246,Low
TN_10_2024-11-02,TN,10,02-11-24,2.470638678,3.766997233,2.029463172,0.58221562,2.042518188,29.110781,2.475491612,0.004950983,Low
TN_10_2024-11-03,TN,10,03-11-24,1.838961071,3.508855256,1.991975516,0.58221562,2.036011984,29.110781,2.183269876,0.00436654,Low
TN_10_2024-11-04,TN,10,04-11-24,2.80578169,3.993234261,2.242835089,0.647103242,2.038619547,32.3551621,2.687260676,0.005374521,Low
TN_10_2024-11-05,TN,10,05-11-24,2.832624936,4.01566204,2.515274186,0.75612198,2.033397603,37.806099,2.753247204,0.005506494,Low
TN_10_2024-11-06,TN,10,06-11-24,3.235929579,4.855692533,2.861629289,0.896088025,2.046401688,44.80440125,3.172311935,0.006344624,Low
TN_10_2024-11-07,TN,10,07-11-24,2.993229143,4.542123884,2.666533521,0.815364813,2.039920784,40.76824065,2.970665798,0.005941332,Low
TN_10_2024-11-08,TN,10,08-11-24,2.472327868,4.145512849,2.586259144,0.712949808,2.047692843,35.6474904,2.668080745,0.005336161,Low
TN_10_2024-11-09,TN,10,09-11-24,2.089391873,4.071417058,2.48740353,0.760805829,2.041220329,38.04029145,2.504515582,0.005009031,Low
TN_10_2024-11-10,TN,10,10-11-24,2.908539062,4.404888304,2.852439104,0.845868268,2.050270164,42.2934134,2.939203965,0.005878408,Low
TN_10_2024-11-11,TN,10,11-11-24,3.738621546,4.855692533,3.386760334,0.90016135,2.042518188,45.0080675,3.426848588,0.006853697,Low
TN_10_2024-11-12,TN,10,12-11-24,3.564732461,4.855692533,2.90690106,0.91027266,2.038619547,45.513633,3.294434852,0.00658887,Low
TN_10_2024-11-13,TN,10,13-11-24,3.128513385,4.140750935,2.618125494,0.824175443,2.024193067,41.20877215,2.908932747,0.005817865,Low
TN_10_2024-11-14,TN,10,14-11-24,2.221375038,4.097173889,2.623218266,0.867100488,2.050270164,43.3550244,2.589508049,0.005179016,Low
TN_10_2024-11-15,TN,10,15-11-24,2.669309373,4.04567939,2.590017134,0.837247525,2.05284086,41.86237625,2.72583158,0.005451663,Low
TN_10_2024-11-16,TN,10,16-11-24,1.631199404,3.696103299,2.472327868,0.806475866,2.036011984,40.3237933,2.251844181,0.004503688,Low
TN_10_2024-11-17,TN,10,17-11-24,2.101692151,3.894876847,2.433613355,0.797507196,2.045108863,39.8753598,2.460870517,0.004921741,Low
TN_10_2024-11-18,TN,10,18-11-24,3.240637317,4.721084811,2.771963527,0.783901544,2.041220329,39.1950772,3.114861996,0.006229724,Low
TN_10_2024-11-19,TN,10,19-11-24,3.465735903,4.854994616,2.879760097,0.78845736,2.041220329,39.422868,3.24374902,0.006487498,Low
TN_10_2024-11-20,TN,10,20-11-24,3.483391619,4.792645108,2.903616985,0.774727168,2.047692843,38.7363584,3.237517535,0.006475035,Low
TN_10_2024-11-21,TN,10,21-11-24,3.590715205,4.855692533,2.798500104,0.78845736,2.045108863,39.422868,3.276060536,0.006552121,Low
TN_10_2024-11-22,TN,10,22-11-24,3.748326913,4.855692533,3.662022,0.91027266,2.054123734,45.513633,3.474286679,0.006948573,Low
TN_10_2024-11-23,TN,10,23-11-24,3.555348061,4.855692533,3.08282698,0.845868268,2.048982334,42.2934134,3.312653178,0.006625306,Low
TN_10_2024-11-24,TN,10,24-11-24,3.303216973,4.670864289,2.91506437,0.797507196,2.055404964,39.8753598,3.149163133,0.006298326,Low
TN_10_2024-11-25,TN,10,25-11-24,3.254242969,4.669927433,2.880882432,0.732367894,2.041220329,36.6183947,3.118019101,0.006236038,Low
TN_10_2024-11-26,TN,10,26-11-24,3.518091133,4.833420675,3.05116698,0.837247525,2.047692843,41.86237625,3.288240791,0.006576482,Low
TN_10_2024-11-27,TN,10,27-11-24,3.282789151,4.686012574,3.036394255,0.832909123,2.056684555,41.64545615,3.16773208,0.006335464,Low
TN_10_2024-11-28,TN,10,28-11-24,3.586015819,4.855692533,2.904712875,0.91027266,2.042518188,45.513633,3.302140595,0.006604281,Low
TN_10_2024-11-29,TN,10,29-11-24,3.038791763,4.726591041,3.104586678,0.91027266,2.047692843,45.513633,3.109094071,0.006218188,Low
TN_10_2024-11-30,TN,10,30-11-24,3.382014562,4.739526238,2.942331497,0.91027266,2.037316615,45.513633,3.206561139,0.006413122,Low
TN_10_2024-12-01,TN,10,01-12-24,3.013080912,4.328757706,2.524928324,0.832909123,2.037316615,41.64545615,2.904395399,0.005808791,Low
TN_10_2024-12-02,TN,10,02-12-24,2.264883226,3.97274174,2.456164181,0.746687947,2.051556338,37.33439735,2.536721437,0.005073443,Low
TN_10_2024-12-03,TN,10,03-12-24,2.547881449,4.387014176,2.735665368,0.741937345,2.046401688,37.09686725,2.780015844,0.005560032,Low
TN_10_2024-12-04,TN,10,04-12-24,2.622492313,4.248780916,2.616665639,0.792992516,2.054123734,39.6496258,2.759985196,0.00551997,Low
TN_10_2024-12-05,TN,10,05-12-24,2.946016681,4.26394668,2.770085592,0.828551818,2.039920784,41.4275909,2.901448647,0.005802897,Low
TN_10_2024-12-06,TN,10,06-12-24,2.440606391,3.819688394,2.432735777,0.774727168,2.046401688,38.7363584,2.558477672,0.005116955,Low
TN_10_2024-12-07,TN,10,07-12-24,2.473171394,4.405865224,2.714032273,0.797507196,2.056684555,39.8753598,2.762434538,0.005524869,Low
TN_10_2024-12-08,TN,10,08-12-24,3.033028058,4.345751579,2.676215478,0.774727168,2.033397603,38.7363584,2.931912394,0.005863825,Low
TN_10_2024-12-09,TN,10,09-12-24,3.59703825,4.820845922,3.168003494,0.91027266,2.037316615,45.513633,3.33600015,0.006672,Low
TN_10_2024-12-10,TN,10,10-12-24,3.819688394,4.855692533,3.163785859,0.91027266,2.051556338,45.513633,3.424142667,0.006848285,Low
TN_10_2024-12-11,TN,10,11-12-24,3.60114054,4.687855553,2.859339649,0.841567186,2.043814364,42.0783593,3.251992898,0.006503986,Low
TN_10_2024-12-12,TN,10,12-12-24,3.113959655,4.335589949,2.72719902,0.802001585,2.050270164,40.10007925,2.970603903,0.005941208,Low
TN_10_2024-12-13,TN,10,13-12-24,3.50465609,4.487737089,2.807593831,0.88376754,2.048982334,44.188377,3.165427083,0.006330854,Low
TN_10_2024-12-14,TN,10,14-12-24,3.55791619,4.855692533,3.083743151,0.91027266,2.046401688,45.513633,3.319742792,0.006639486,Low
TN_10_2024-12-15,TN,10,15-12-24,3.453789832,4.764308407,2.710048204,0.91027266,2.043814364,45.513633,3.204010194,0.00640802,Low
TN_10_2024-12-16,TN,10,16-12-24,3.726416058,4.855692533,3.353406718,0.871293366,2.038619547,43.5646683,3.41410203,0.006828204,Low
TN_10_2024-12-17,TN,10,17-12-24,3.775744987,4.855692533,3.276389731,0.91027266,2.041220329,45.513633,3.424102654,0.006848205,Low
TN_10_2024-12-18,TN,10,18-12-24,3.563316231,4.778198696,3.106378794,0.91027266,2.037316615,45.513633,3.304291932,0.006608584,Low
TN_10_2024-12-19,TN,10,19-12-24,3.373826185,4.855692533,3.02431973,0.858661619,2.02287119,42.93308095,3.237707098,0.006475414,Low
TN_10_2024-12-20,TN,10,20-12-24,3.476614021,4.70456293,2.604909442,0.841567186,2.018895042,42.0783593,3.170683031,0.006341366,Low
TN_10_2024-12-21,TN,10,21-12-24,2.956991445,4.377014093,2.557227311,0.792992516,2.047692843,39.6496258,2.899237804,0.005798476,Low
TN_10_2024-12-22,TN,10,22-12-24,3.239070532,4.542230386,2.819591576,0.797507196,2.054123734,39.8753598,3.080040299,0.006160081,Low
TN_10_2024-12-23,TN,10,23-12-24,3.022860941,4.58108239,3.054001182,0.828551818,2.046401688,41.4275909,3.051187539,0.006102375,Low
TN_10_2024-12-24,TN,10,24-12-24,3.373826185,4.742755849,2.894253105,0.91027266,2.05284086,45.513633,3.199619488,0.006399239,Low
TN_10_2024-12-25,TN,10,25-12-24,3.360128564,4.144856134,3.009145623,0.573096772,2.645342972,28.6548386,3.117741997,0.006235484,Low
TN_10_2024-12-26,TN,10,26-12-24,3.360128564,4.144856134,3.009145623,0.573096772,2.645342972,28.6548386,3.117741997,0.006235484,Low
TN_10_2024-12-27,TN,10,27-12-24,3.360128564,4.144856134,3.009145623,0.573096772,2.645342972,28.6548386,3.117741997,0.006235484,Low
TN_10_2024-12-28,TN,10,28-12-24,3.360128564,4.144856134,3.009145623,0.573096772,2.645342972,28.6548386,3.117741997,0.006235484,Low
TN_10_2024-12-29,TN,10,29-12-24,3.360128564,4.144856134,3.009145623,0.573096772,2.645342972,28.6548386,3.117741997,0.006235484,Low
TN_10_2024-12-30,TN,10,30-12-24,3.360128564,4.144856134,3.009145623,0.573096772,2.645342972,28.6548386,3.117741997,0.006235484,Low
TN_10_2024-12-31,TN,10,31-12-24,3.360128564,4.144856134,3.009145623,0.573096772,2.645342972,28.6548386,3.117741997,0.006235484,Low
